coins	government-organisation
AAL022	
ABR017	EA816
ACA084	PB28
ACE048	
ACI202	EA740
ACL048	
ACW090	OT731
AER033	OT721
AER048	
AFS902	
AHB022	
AHC063	PB123
AHC084	
AHD003	OT204
AHF048	
ALI022	OT786
ANL850	
APO202	
ARA035	EA698
ARI201	
ATT004	
AUC085	PC343
AWC090	
AWL090	
BBC048	
BCC084	
BCL027	OT313
BEC022	EA932
BEL203	
BFI048	PB189
BHC084	PB124
BNC084	
BPC003	OT887
BRB004	
BRC063	PB317
BRC084	
BRL048	PB166
BRM048	PB167
BRS084	
BSA022	
BTA048	PB186
BTI013	D117
BTP004	
BTS208	
BWB003	
BYA087	
CAA004	PC469
CAB010	D2
CAE048	
CAP010	
CAR030	OT754
CCL084	OT841
CCP084	
CCR034	
CCR047	IM320
CCT048	
CCW090	
CDC030	
CDF034	
CDF085	OT760
CDS084	
CEA203	OT644
CES014	OT100
CFA022	PB246
CFO084	
CFT048	PC386
CFW003	PB198
CGM003	OT214
CHA033	
CHC009	D98
CHI033	OT683
CHS208	
CIC034	
CIC047	PB297
CIP034	
CIT022	
CIT063	PB126
CJA047	
CJI097	OT772
CLA085	
CLW090	
CMB075	
CMC084	PB353
CNA003	EA729
CNC066	
CNC084	
CNT004	
COH084	EA26
COI010	OT846
COL066	PB195
COL084	
COR211	
CPP033	OT822
CPS016	D101
CPT034	OT819
CQC033	PB251
CRA075	
CRC075	
CRE034	OT676
CRU003	OT890
CSC033	
CSE084	PB318
CVH085	
CWA090	
CWD022	OT915
DAN017	EA717
DAR201	
DCA202	DA1146
DCL084	OT893
DCM048	D5
DEC066	D11
DEL207	
DEN206	D591
DES022	D609
DET204	
DFP205	
DFT004	D9
DHB004	
DID030	D8
DIS063	D608
DMB075	
DNS049	EA104
DOA004	
DOF061	OT537
DOH033	D12
DPM085	D4
DRC032	OT711
DRD209	
DSA004	EA75
DSD210	
DSG017	EA44
DST017	EA42
DTI084	D611
DVL004	EA74
DWP032	D10
E0101	
E0102	
E0103	
E0104	
E0201	
E0221	
E0231	
E0233	
E0234	
E0301	
E0302	
E0303	
E0304	
E0305	
E0306	
E0401	
E0421	
E0431	
E0432	
E0434	
E0435	
E0501	
E0521	
E0531	
E0532	
E0533	
E0536	
E0551	
E0601	
E0602	
E0621	
E0631	
E0632	
E0633	
E0634	
E0636	
E0637	
E0701	
E0702	
E0703	
E0704	
E0820	
E0831	
E0832	
E0833	
E0834	
E0835	
E0836	
E0920	
E0931	
E0932	
E0933	
E0934	
E0935	
E0936	
E1001	
E1021	
E1031	
E1032	
E1033	
E1035	
E1036	
E1037	
E1038	
E1039	
E1101	
E1102	
E1121	
E1131	
E1132	
E1133	
E1134	
E1136	
E1137	
E1139	
E1140	
E1201	
E1202	
E1221	
E1232	
E1233	
E1234	
E1236	
E1237	
E1238	
E1301	
E1321	
E1331	
E1333	
E1334	
E1335	
E1336	
E1337	
E1338	
E1401	
E1421	
E1432	
E1433	
E1435	
E1436	
E1437	
E1501	
E1502	
E1521	
E1531	
E1532	
E1533	
E1534	
E1535	
E1536	
E1537	
E1538	
E1539	
E1540	
E1542	
E1544	
E1620	
E1631	
E1632	
E1633	
E1634	
E1635	
E1636	
E1701	
E1702	
E1721	
E1731	
E1732	
E1733	
E1734	
E1735	
E1736	
E1737	
E1738	
E1740	
E1742	
E1743	
E1801	
E1821	
E1831	
E1835	
E1837	
E1838	
E1839	
E1851	
E1920	
E1931	
E1932	
E1933	
E1934	
E1935	
E1936	
E1937	
E1938	
E1939	
E1940	
E2001	
E2002	
E2003	
E2004	
E2101	
E2201	
E2221	
E2231	
E2232	
E2233	
E2234	
E2236	
E2237	
E2239	
E2240	
E2241	
E2242	
E2243	
E2244	
E2301	
E2302	
E2321	
E2333	
E2334	
E2335	
E2336	
E2337	
E2338	
E2339	
E2340	
E2341	
E2342	
E2343	
E2344	
E2401	
E2402	
E2421	
E2431	
E2432	
E2433	
E2434	
E2436	
E2437	
E2438	
E2520	
E2531	
E2532	
E2533	
E2534	
E2535	
E2536	
E2537	
E2620	
E2631	
E2632	
E2633	
E2634	
E2635	
E2636	
E2637	
E2701	
E2721	
E2731	
E2732	
E2734	
E2736	
E2753	
E2755	
E2757	
E2820	
E2831	
E2832	
E2833	
E2834	
E2835	
E2836	
E2837	
E2920	
E2931	
E2932	
E2933	
E2934	
E2935	
E2936	
E3001	
E3021	
E3031	
E3032	
E3033	
E3034	
E3035	
E3036	
E3038	
E3120	
E3131	
E3132	
E3133	
E3134	
E3135	
E3201	
E3221	
E3231	
E3232	
E3233	
E3234	
E3235	
E3320	
E3331	
E3332	
E3333	
E3334	
E3335	
E3401	
E3421	
E3431	
E3432	
E3433	
E3434	
E3435	
E3436	
E3437	
E3439	
E3520	
E3531	
E3532	
E3533	
E3534	
E3535	
E3536	
E3537	
E3620	
E3631	
E3632	
E3633	
E3634	
E3635	
E3636	
E3637	
E3638	
E3639	
E3640	
E3641	
E3720	
E3731	
E3732	
E3733	
E3734	
E3735	
E3820	
E3831	
E3832	
E3833	
E3834	
E3835	
E3836	
E3837	
E3901	
E3921	
E3931	
E3932	
E3933	
E3935	
E4001	
E4201	
E4202	
E4203	
E4204	
E4205	
E4206	
E4207	
E4208	
E4209	
E4210	
E4301	
E4302	
E4303	
E4304	
E4305	
E4401	
E4402	
E4403	
E4404	
E4501	
E4502	
E4503	
E4504	
E4505	
E4601	
E4602	
E4603	
E4604	
E4605	
E4606	
E4607	
E4701	
E4702	
E4703	
E4704	
E4705	
E5010	
E5011	
E5012	
E5013	
E5014	
E5015	
E5016	
E5017	
E5018	
E5019	
E5020	
E5021	
E5022	
E5030	
E5031	
E5032	
E5033	
E5034	
E5035	
E5036	
E5037	
E5038	
E5039	
E5040	
E5041	
E5042	
E5043	
E5044	
E5045	
E5046	
E5047	
E5048	
E5049	
E5100	
E5101	
E5102	
E5103	
E5104	
E5105	
E6002	
E6005	
E6006	
E6007	
E6009	
E6010	
E6012	
E6013	
E6016	
E6020	
E6022	
E6023	
E6024	
E6025	
E6026	
E6027	
E6028	
E6030	
E6034	
E6035	
E6037	
E6039	
E6042	
E6043	
E6044	
E6045	
E6046	
E6047	
E6050	
E6051	
E6052	
E6053	
E6054	
E6055	
E6071	
E6072	
E6073	
E6101	
E6102	
E6103	
E6104	
E6105	
E6106	
E6107	
E6110	
E6111	
E6112	
E6113	
E6114	
E6115	
E6117	
E6118	
E6120	
E6122	
E6123	
E6124	
E6127	
E6130	
E6132	
E6134	
E6139	
E6142	
E6143	
E6144	
E6145	
E6146	
E6147	
E6161	
E6201	
E6202	
E6204	
E6205	
E6206	
E6207	
E6342	
E6343	
E6344	
E6345	
E6346	
E6347	
E6401	OT217
E6402	OT219
E6403	OT220
E6404	OT223
E6405	OT543
E6406	OT545
E6407	OT547
E6408	OT216
E6409	OT222
E6803	
ECG025	D241
ECN211	OT779
EED084	EA917
EFR003	D7
EHG048	PB168
EHR064	OT269
EIT022	
EIT063	PB131
ELC011	IM1203
EMD084	
ENI203	D585
ENV003	EA199
EOC084	OT710
EPA075	
EPS063	PB130
EPS084	
EPT085	EA874
ESR063	PB129
ESR084	
EST090	
EUN207	
FBL085	
FCL048	OT850
FCM028	D85
FCO027	D13
FCS027	EA61
FEA028	
FEC075	
FFB003	OT793
FHA201	
FIA208	
FIT063	
FLA048	OT787
FLS087	
FPS911	
FSA026	D102
FSC085	EA37
FSR029	
FSS034	OT812
GAD031	D103
GBD034	OT626
GBG048	PB169
GEC084	
GEF025	
GEO064	OT506
GFF048	PB170
GLA003	PB200
GLF004	
GMP004	
GRH017	
GRS075	
GSC033	OT741
GTC022	
HAC084	OT724
HBL048	PB118
HCA085	
HCP085	EA835
HDC003	OT902
HEF022	
HEF063	PB120
HFE033	PB253
HFW090	OT1000
HGC003	OT757
HGT089	
HHA004	
HIE075	
HLF048	PC390
HMC015	
HMM048	
HMT087	D15
HOA038	
HOC036	
HOF034	D16
HOL037	
HOM075	
HPG033	EA792
HRI003	
HRP048	PC389
HSC032	
HSP208	D746
HSST01	
HSST02	
HSST03	
HSST04	
HSST05	
HSST06	
HSST07	
HSST08	
HSST09	
HSST10	
HSST11	
HSST12	
HSST13	
HSST14	
HSST15	
HSST16	
HSST17	
HSST18	
HSST19	
HTA033	PB254
HTB048	
HYO017	EA51
IHE210	PB1212
IIP022	OT896
ILF811	PB349
ILR041	D25
ILS081	OT783
INL204	
IPO034	PB456
IPS069	
ISA034	OT914
ISC034	PB263
IWM048	PB172
JPS908	
KEW003	
LAB075	
LCD047	D18
LCN210	
LEB090	
LEC047	PB300
LGB071	
LGB090	
LHT085	
LOG048	
LPF085	
LRG045	D69
LSC022	
LSC063	EA765
LSD022	
LSI063	
LTG085	PB374
LTS075	
LTU048	
MCA033	
MCM048	OT719
MDC003	OT851
MEC048	
MEO017	
MHP033	EA63
MIR033	
MLC003	OT876
MOD017	D17
MOL048	
MRA033	
MRC063	PB132
MRC084	
MSI048	
MST004	
MTR004	
NAF017	
NAM017	PB307
NAO050	
NAS075	
NAT003	EA833
NAW090	
NBA033	OT486
NBS033	EA656
NCA033	
NCC084	
NCD033	OT629
NCE090	
NCI034	EA704
NCR034	OT703
NCS022	EA929
NCT207	
NDA066	PB197
NDA084	
NED084	EA921
NEE203	
NEN003	PB202
NER063	PB133
NER084	
NES048	
NES063	OT658
NET033	OT709
NFC003	PB415
NGL048	PB174
NGS075	
NHD033	OT802
NHE033	
NHF048	PB175
NHM048	PB180
NHP903	
NHTR01FT	
NHTR01NFT	
NHTR02FT	
NHTR02NFT	
NHTR03FT	
NHTR03NFT	
NHTR05FT	
NHTR05NFT	
NHTR06FT	
NHTR06NFT	
NHTR07FT	
NHTR07NFT	
NHTR08FT	
NHTR08NFT	
NHTR09FT	
NHTR09NFT	
NHTR10FT	
NHTR10NFT	
NHTR11FT	
NHTR11NFT	
NHTR12FT	
NHTR12NFT	
NHTR13FT	
NHTR13NFT	
NHTR15FT	
NHTR15NFT	
NHTR16FT	
NHTR16NFT	
NHTR17FT	
NHTR17NFT	
NHTR18FT	
NHTR18NFT	
NHTR19FT	
NHTR19NFT	
NHTR20FT	
NHTR20NFT	
NHTRA2FT	
NHTRA2NFT	
NHTRA3FT	
NHTRA3NFT	
NHTRA4FT	
NHTRA4NFT	
NHTRA7FT	
NHTRA7NFT	
NHTRA9FT	
NHTRA9NFT	
NHTRAJFT	
NHTRAJNFT	
NHTRALFT	
NHTRALNFT	
NHTRANFT	
NHTRANNFT	
NHTRAPFT	
NHTRAPNFT	
NHTRASFT	
NHTRASNFT	
NHTRATFT	
NHTRATNFT	
NHTRAXFT	
NHTRAXNFT	
NHTRB1FT	
NHTRB1NFT	
NHTRB4FT	
NHTRB4NFT	
NHTRB5FT	
NHTRB5NFT	
NHTRB6FT	
NHTRB6NFT	
NHTRB7FT	
NHTRB7NFT	
NHTRB8FT	
NHTRB8NFT	
NHTRBAFT	
NHTRBANFT	
NHTRBBFT	
NHTRBBNFT	
NHTRBDFT	
NHTRBDNFT	
NHTRBFFT	
NHTRBFNFT	
NHTRBKFT	
NHTRBKNFT	
NHTRBLFT	
NHTRBLNFT	
NHTRBNFT	
NHTRBNNFT	
NHTRBQFT	
NHTRBQNFT	
NHTRBSFT	
NHTRBSNFT	
NHTRBTFT	
NHTRBTNFT	
NHTRBVFT	
NHTRBVNFT	
NHTRBXFT	
NHTRBXNFT	
NHTRBZFT	
NHTRBZNFT	
NHTRC1FT	
NHTRC1NFT	
NHTRC3FT	
NHTRC3NFT	
NHTRC9FT	
NHTRC9NFT	
NHTRCBFT	
NHTRCBNFT	
NHTRCCFT	
NHTRCCNFT	
NHTRCDFT	
NHTRCDNFT	
NHTRCFFT	
NHTRCFNFT	
NHTRCSFT	
NHTRCSNFT	
NHTRCUFT	
NHTRCUNFT	
NHTRCXFT	
NHTRCXNFT	
NHTRD1FT	
NHTRD1NFT	
NHTRD3FT	
NHTRD3NFT	
NHTRD7FT	
NHTRD7NFT	
NHTRD8FT	
NHTRD8NFT	
NHTRDDFT	
NHTRDDNFT	
NHTRDEFT	
NHTRDENFT	
NHTRDHFT	
NHTRDHNFT	
NHTRDRFT	
NHTRDRNFT	
NHTRDUFT	
NHTRDUNFT	
NHTRDYFT	
NHTRDYNFT	
NHTRDZFT	
NHTRDZNFT	
NHTRE6FT	
NHTRE6NFT	
NHTRE9FT	
NHTRE9NFT	
NHTREFFT	
NHTREFNFT	
NHTREMFT	
NHTREMNFT	
NHTRENFT	
NHTRENNFT	
NHTREPFT	
NHTREPNFT	
NHTRETFT	
NHTRETNFT	
NHTREUFT	
NHTREUNFT	
NHTRF4FT	
NHTRF4NFT	
NHTRFFFT	
NHTRFFNFT	
NHTRFKFT	
NHTRFKNFT	
NHTRFRFT	
NHTRFRNFT	
NHTRFSFT	
NHTRFSNFT	
NHTRFUFT	
NHTRFUNFT	
NHTRFWFT	
NHTRFWNFT	
NHTRG2FT	
NHTRG2NFT	
NHTRG3FT	
NHTRG3NFT	
NHTRGCFT	
NHTRGCNFT	
NHTRGDFT	
NHTRGDNFT	
NHTRGHFT	
NHTRGHNFT	
NHTRGNFT	
NHTRGNNFT	
NHTRGPFT	
NHTRGPNFT	
NHTRGQFT	
NHTRGQNFT	
NHTRGRFT	
NHTRGRNFT	
NHTRGTFT	
NHTRGTNFT	
NHTRGZFT	
NHTRGZNFT	
NHTRH1FT	
NHTRH1NFT	
NHTRH2FT	
NHTRH2NFT	
NHTRH5FT	
NHTRH5NFT	
NHTRH8FT	
NHTRH8NFT	
NHTRHAFT	
NHTRHANFT	
NHTRHMFT	
NHTRHMNFT	
NHTRHPFT	
NHTRHPNFT	
NHTRHRFT	
NHTRHRNFT	
NHTRHUFT	
NHTRHUNFT	
NHTRHWFT	
NHTRHWNFT	
NHTRHXFT	
NHTRHXNFT	
NHTRHYFT	
NHTRHYNFT	
NHTRJ1FT	
NHTRJ1NFT	
NHTRJ2FT	
NHTRJ2NFT	
NHTRJ5FT	
NHTRJ5NFT	
NHTRJ6FT	
NHTRJ6NFT	
NHTRJ7FT	
NHTRJ7NFT	
NHTRJ8FT	
NHTRJ8NFT	
NHTRJ9FT	
NHTRJ9NFT	
NHTRJCFT	
NHTRJCNFT	
NHTRJDFT	
NHTRJDNFT	
NHTRJEFT	
NHTRJENFT	
NHTRJFFT	
NHTRJFNFT	
NHTRJHFT	
NHTRJHNFT	
NHTRJLFT	
NHTRJLNFT	
NHTRJNFT	
NHTRJNNFT	
NHTRJUFT	
NHTRJUNFT	
NHTRJXFT	
NHTRJXNFT	
NHTRJZFT	
NHTRJZNFT	
NHTRK5FT	
NHTRK5NFT	
NHTRK7FT	
NHTRK7NFT	
NHTRK9FT	
NHTRK9NFT	
NHTRKAFT	
NHTRKANFT	
NHTRKBFT	
NHTRKBNFT	
NHTRKDFT	
NHTRKDNFT	
NHTRKEFT	
NHTRKENFT	
NHTRKFFT	
NHTRKFNFT	
NHTRKLFT	
NHTRKLNFT	
NHTRL1FT	
NHTRL1NFT	
NHTRL4FT	
NHTRL4NFT	
NHTRL5FT	
NHTRL5NFT	
NHTRL6FT	
NHTRL6NFT	
NHTRLQFT	
NHTRLQNFT	
NHTRLTFT	
NHTRLTNFT	
NHTRLUFT	
NHTRLUNFT	
NHTRLYFT	
NHTRLYNFT	
NHTRLZFT	
NHTRLZNFT	
NHTRM1FT	
NHTRM1NFT	
NHTRM2FT	
NHTRM2NFT	
NHTRM3FT	
NHTRM3NFT	
NHTRM4FT	
NHTRM4NFT	
NHTRM6FT	
NHTRM6NFT	
NHTRMAFT	
NHTRMANFT	
NHTRMBFT	
NHTRMBNFT	
NHTRMCFT	
NHTRMCNFT	
NHTRMDFT	
NHTRMDNFT	
NHTRMFFT	
NHTRMFNFT	
NHTRMHFT	
NHTRMHNFT	
NHTRMPFT	
NHTRMPNFT	
NHTRMYFT	
NHTRMYNFT	
NHTRMZFT	
NHTRMZNFT	
NHTRN1FT	
NHTRN1NFT	
NHTRN3FT	
NHTRN3NFT	
NHTRN5FT	
NHTRN5NFT	
NHTRN7FT	
NHTRN7NFT	
NHTRNAFT	
NHTRNANFT	
NHTRNDFT	
NHTRNDNFT	
NHTRNFFT	
NHTRNFNFT	
NHTRNHFT	
NHTRNHNFT	
NHTRNJFT	
NHTRNJNFT	
NHTRNKFT	
NHTRNKNFT	
NHTRNLFT	
NHTRNLNFT	
NHTRNNFT	
NHTRNNNFT	
NHTRNPFT	
NHTRNPNFT	
NHTRNQFT	
NHTRNQNFT	
NHTRNSFT	
NHTRNSNFT	
NHTRNTFT	
NHTRNTNFT	
NHTRNUFT	
NHTRNUNFT	
NHTRNYFT	
NHTRNYNFT	
NHTRNZFT	
NHTRNZNFT	
NHTRP1FT	
NHTRP1NFT	
NHTRP4FT	
NHTRP4NFT	
NHTRP5FT	
NHTRP7FT	
NHTRP7NFT	
NHTRPAFT	
NHTRPANFT	
NHTRPCFT	
NHTRPCNFT	
NHTRPGFT	
NHTRPGNFT	
NHTRPHFT	
NHTRPHNFT	
NHTRPLFT	
NHTRPLNFT	
NHTRPQFT	
NHTRPQNFT	
NHTRPRFT	
NHTRPRNFT	
NHTRQ2FT	
NHTRQ2NFT	
NHTRQ3FT	
NHTRQ3NFT	
NHTRQ4FT	
NHTRQ4NFT	
NHTRQ5FT	
NHTRQ5NFT	
NHTRQ6FT	
NHTRQ6NFT	
NHTRQ8FT	
NHTRQ8NFT	
NHTRQMFT	
NHTRQMNFT	
NHTRQNFT	
NHTRQNNFT	
NHTRQQFT	
NHTRQQNFT	
NHTRQWFT	
NHTRQWNFT	
NHTRQXFT	
NHTRQXNFT	
NHTRQYFT	
NHTRQYNFT	
NHTRR1FT	
NHTRR1NFT	
NHTRR2FT	
NHTRR2NFT	
NHTRR7FT	
NHTRR7NFT	
NHTRR8FT	
NHTRR8NFT	
NHTRR9FT	
NHTRR9NFT	
NHTRRDFT	
NHTRRDNFT	
NHTRREFT	
NHTRRENFT	
NHTRRFFT	
NHTRRFNFT	
NHTRRJFT	
NHTRRJNFT	
NHTRRPFT	
NHTRRPNFT	
NHTRRUFT	
NHTRRUNFT	
NHTRRVFT	
NHTRRVNFT	
NHTRT1FT	
NHTRT1NFT	
NHTRT2FT	
NHTRT2NFT	
NHTRT3FT	
NHTRT3NFT	
NHTRT5FT	
NHTRT5NFT	
NHTRT6FT	
NHTRT6NFT	
NHTRTAFT	
NHTRTANFT	
NHTRTCFT	
NHTRTCNFT	
NHTRTDFT	
NHTRTDNFT	
NHTRTEFT	
NHTRTENFT	
NHTRTFFT	
NHTRTFNFT	
NHTRTGFT	
NHTRTGNFT	
NHTRTHFT	
NHTRTHNFT	
NHTRTJFT	
NHTRTJNFT	
NHTRTKFT	
NHTRTKNFT	
NHTRTMFT	
NHTRTMNFT	
NHTRTNFT	
NHTRTNNFT	
NHTRTPFT	
NHTRTPNFT	
NHTRTQFT	
NHTRTQNFT	
NHTRTRFT	
NHTRTRNFT	
NHTRTVFT	
NHTRTVNFT	
NHTRTXFT	
NHTRTXNFT	
NHTRV1FT	
NHTRV1NFT	
NHTRV3FT	
NHTRV3NFT	
NHTRV5FT	
NHTRV5NFT	
NHTRV6FT	
NHTRV6NFT	
NHTRV7FT	
NHTRV7NFT	
NHTRV8FT	
NHTRV8NFT	
NHTRV9FT	
NHTRV9NFT	
NHTRVJFT	
NHTRVJNFT	
NHTRVKFT	
NHTRVKNFT	
NHTRVLFT	
NHTRVLNFT	
NHTRVNFT	
NHTRVNNFT	
NHTRVRFT	
NHTRVRNFT	
NHTRVVFT	
NHTRVVNFT	
NHTRVWFT	
NHTRVWNFT	
NHTRVXFT	
NHTRVXNFT	
NHTRVYFT	
NHTRVYNFT	
NHTRW1FT	
NHTRW1NFT	
NHTRW3FT	
NHTRW3NFT	
NHTRW4FT	
NHTRW4NFT	
NHTRW5FT	
NHTRW5NFT	
NHTRW6FT	
NHTRW6NFT	
NHTRW7FT	
NHTRW7NFT	
NHTRW8FT	
NHTRW8NFT	
NHTRW9FT	
NHTRW9NFT	
NHTRWAFT	
NHTRWANFT	
NHTRWCFT	
NHTRWCNFT	
NHTRWDFT	
NHTRWDNFT	
NHTRWEFT	
NHTRWENFT	
NHTRWFFT	
NHTRWFNFT	
NHTRWGFT	
NHTRWGNFT	
NHTRWHFT	
NHTRWHNFT	
NHTRWKFT	
NHTRWKNFT	
NHTRWNFT	
NHTRWNNFT	
NHTRWPFT	
NHTRWPNFT	
NHTRWQFT	
NHTRWQNFT	
NHTRWRFT	
NHTRWRNFT	
NHTRWTFT	
NHTRWTNFT	
NHTRWVFT	
NHTRWVNFT	
NHTRWWFT	
NHTRWWNFT	
NHTRWXFT	
NHTRWXNFT	
NHTRWYFT	
NHTRWYNFT	
NHTRX1NFT	
NHTRX2FT	
NHTRX2NFT	
NHTRX3FT	
NHTRX3NFT	
NHTRX4NFT	
NHTRX5NFT	
NHTRX6NFT	
NHTRX7NFT	
NHTRX8NFT	
NHTRX9NFT	
NHTRXAFT	
NHTRXANFT	
NHTRXCFT	
NHTRXCNFT	
NHTRXDFT	
NHTRXDNFT	
NHTRXFFT	
NHTRXFNFT	
NHTRXGFT	
NHTRXGNFT	
NHTRXHFT	
NHTRXHNFT	
NHTRXJFT	
NHTRXJNFT	
NHTRXKFT	
NHTRXKNFT	
NHTRXLFT	
NHTRXLNFT	
NHTRXMFT	
NHTRXMNFT	
NHTRXNFT	
NHTRXNNFT	
NHTRXPFT	
NHTRXPNFT	
NHTRXQFT	
NHTRXQNFT	
NHTRXRFT	
NHTRXRNFT	
NHTRXTFT	
NHTRXTNFT	
NHTRXVFT	
NHTRXVNFT	
NHTRXWFT	
NHTRXWNFT	
NHTRXXFT	
NHTRXYNFT	
NHTRYANFT	
NHTRYCNFT	
NHTRYDNFT	
NHTRYENFT	
NHTRYFNFT	
NHTRYGNFT	
NHTRYKNFT	
NHTTADFT	
NHTTADNFT	
NHTTAEFT	
NHTTAENFT	
NHTTAFFT	
NHTTAFNFT	
NHTTAHFT	
NHTTAHNFT	
NHTTAJFT	
NHTTAJNFT	
NI001	
NI002	
NI003	
NI004	
NI005	
NI006	
NI007	
NI008	
NI009	
NI010	
NI011	
NI012	
NI013	
NI014	
NI015	
NI016	
NI017	
NI018	
NI019	
NI020	
NI021	
NI022	
NI023	
NI024	
NI025	
NI026	
NI027	
NIC081	EA725
NIE099	DA1021
NIL206	OT758
NIO097	D19
NIP097	OT649
NIS202	
NISCT1	
NISCT2	
NISCT3	
NISCT4	
NISCT5	
NIW099	
NJC081	OT880
NLA033	OT804
NLB048	PB188
NLB075	PB463
NLC048	
NLD048	
NLL048	
NLS075	
NLW090	
NMG048	PB178
NMM048	
NMN202	OT868
NMS048	
NMU075	OT987
NMW090	
NOF048	OT852
NPG048	PB179
NRG084	
NRP033	OT730
NSG062	OT891
NSP033	OT805
NTB204	OT820
NUL066	
NUL084	
NWD084	
NXS004	
ODP034	OT979
OFC084	OT385
OFM211	
OFQ070	D109
OFT074	D352
OGE020	D108
OIC047	PB298
OIS022	D106
OLA048	PB181
OLD048	
OLF048	
ONS005	D303
OPA032	
OPC060	
OPS017	PB401
ORD085	D38
ORR088	D110
OSS907	
OTL044	OT977
OWS057	D240
PAB034	
PAB047	PB301
PAO063	
PAO084	
PBN097	OT659
PC	
PCA034	OT727
PCB032	
PCO065	OT342
PCS901	
PFS022	
PFS075	
PHL033	
PIA034	EA904
PIT034	EA832
PLA004	
PMD208	
PME033	OT897
POB	
PON097	
PPA084	OT875
PPF032	PB348
PPP004	
PPS912	
PRE033	
PRO067	EA71
PSC006	OT834
PSN097	OT657
QCA022	EA624
QCW090	
QEC085	EA40
QIA022	
QIA063	
QQP017	
RAF017	PB308
RAI208	
RAM048	PB182
RBG075	
RCM048	OT936
RCP046	OT867
RCP906	
REG212	OT761
REL032	PB350
RHC017	
RMH084	
RMP208	
RMT087	EA114
ROS075	
RPL048	
S001	
S002	
S003	
S004	
S005	
S006	
S007	
S008	
S009	
S010	
S011	
S012	
S013	
S014	
S015	
S016	
S017	
S018	
S019	
S020	
S021	
S022	
S023	
S024	
S025	
S026	
S027	
S028	
S029	
S030	
S031	
S032	
S033	
S034	
S035	
S036	
S037	
S038	
S039	
S040	
S041	
S042	
S043	
S044	
S045	
S046	
S047	
S048	
S049	
S050	
S051	
S052	
S053	
S054	
SAC075	OT762
SBE085	OT895
SBS033	
SCI033	
SCL090	
SCN202	OT694
SCO042	D23
SCR075	
SCT075	DA1020
SCW090	OT734
SEB203	
SED084	EA919
SEE203	
SEL048	
SEN075	
SFC075	
SFO019	D115
SHE075	
SHT085	
SIA003	
SIB211	
SIV007	
SIY034	PB264
SJS048	PB183
SLC022	
SLC063	
SNH075	
SNI909	
SNL851	
SNP914	
SOC034	PB265
SPA075	
SPE048	PB190
SPS075	
SPT075	
SQA075	
SRA004	OT794
SSC063	
SSD022	
SSD063	
SSS075	OT642
ST1370	
STB075	
STF063	PB135
STP084	
STP913	
STU022	OT938
SWA075	
SWD084	
SYP004	
TCW090	
TGL048	PB571
THC209	
THL004	
THT085	
TPR032	PB234
TPS904	
TSA085	EA934
TSC068	
TST063	PB136
TTA022	EA790
UDC085	
UKA084	PB137
UKC063	PB138
UKP905	
UKS048	PB185
UNI022	
UNI063	
USE207	
VAM048	PB378
VOS004	EA79
VTA206	
VTS085	PB375
W512	
W514	
W516	
W518	
W520	
W522	
W524	
W526	
W528	
W530	
W532	
W534	
W536	
W538	
W540	
W542	
W544	
W545	
W546	
W548	
W550	
W552	
W562	
W564	
W566	
W568	
W572	
W574	
W576	
W582	
W584	
W586	
WAG090	
WAO090	OT908
WCH090	
WCO048	PB187
WDA090	OT991
WEL203	
WFC048	
WLB090	
WMD084	EA927
WNHT01	
WNHT02	
WNHT03	
WNHT04	
WNHT05	
WNHT06	
WNHT07	
WNHT08	
WNHT09	
WNHT10	
WNHT11	
WNHT12	
WNHT13	
WNHT14	
WNM090	
WNU085	
WOF091	D24
WRA003	
WSB003	
WTB090	
YHD084	EA923
YJB034	
YJB047	PB302
