govuk	government-organisation
attorney-generals-office	D1
cabinet-office	D2
department-for-business-innovation-skills	D3
department-for-communities-and-local-government	D4
department-for-culture-media-sport	D5
department-for-education	D6
department-for-environment-food-rural-affairs	D7
department-for-international-development	D8
department-for-transport	D9
department-for-work-pensions	D10
department-of-energy-climate-change	D11
department-of-health	D12
foreign-commonwealth-office	D13
hm-treasury	D15
home-office	D16
ministry-of-defence	D17
ministry-of-justice	D18
northern-ireland-office	D19
office-of-the-advocate-general-for-scotland	D20
the-office-of-the-leader-of-the-house-of-commons	D21
office-of-the-leader-of-the-house-of-lords	D22
scotland-office	D23
office-of-the-secretary-of-state-for-wales	D24
hm-revenue-customs	D25
companies-house	EA26
student-loans-company	PB27
acas	PB28
national-fraud-authority	PB29
treasury-solicitor-s-department	D30
uk-space-agency	EA31
insolvency-service	EA32
national-measurement-office	EA33
intellectual-property-office	EA34
fire-service-college	EA37
ordnance-survey	D38
planning-inspectorate	EA39
queen-elizabeth-ii-conference-centre	EA40
royal-parks	EA41
defence-science-and-technology-laboratory	EA42
defence-support-group	EA44
met-office	EA46
service-children-s-education	EA49
service-personnel-and-veterans-agency	EA50
uk-hydrographic-office	EA51
animal-health-and-veterinary-laboratories-agency	EA52
centre-for-environment-fisheries-and-aquaculture-science	EA53
forest-research	EA54
forest-enterprise-england	EA55
the-food-and-environment-research-agency	EA56
marine-management-organisation	PB57
rural-payments-agency	EA58
veterinary-medicines-directorate	EA60
fco-services	EA61
wilton-park	EA62
medicines-and-healthcare-products-regulatory-agency	EA63
hm-passport-office	EA66
uk-border-agency	EA67
land-registry	D69
national-offender-management-service	EA70
the-national-archives	EA71
office-of-the-public-guardian	EA72
hm-courts-and-tribunals-service	EA73
driver-and-vehicle-licensing-agency	EA74
driving-standards-agency	EA75
highways-agency	EA77
maritime-and-coastguard-agency	EA78
vehicle-and-operator-services-agency	EA79
vehicle-certification-agency	EA80
uk-debt-management-office	EA82
forestry-commission	D85
skills-funding-agency	EA86
valuation-office-agency	EA87
charity-commission	D98
the-crown-estate	OT100
crown-prosecution-service	D101
food-standards-agency	D102
government-actuarys-department	D103
ns-i	EA104
ofsted	D106
ofgem	D108
ofqual	D109
office-of-rail-regulation	D110
royal-mint	EA114
serious-fraud-office	D115
uk-statistics-authority	D116
uk-trade-investment	D117
horserace-betting-levy-board	PB118
higher-education-funding-council-for-england	PB120
council-for-science-and-technology	PB121
low-pay-commission	PB122
arts-and-humanities-research-council	PB123
british-hallmarking-council	PB124
construction-industry-training-board	PB126
economic-and-social-research-council	PB129
engineering-and-physical-sciences-research-council	PB130
engineering-construction-industry-training-board	PB131
medical-research-council	PB132
natural-environment-research-council	PB133
office-for-fair-access	PB134
science-and-technology-facilities-council	PB135
technology-strategy-board	PB136
uk-atomic-energy-authority	PB137
uk-commission-for-employment-and-skills	PB138
certification-officer	PB139
competition-appeal-tribunal	PB140
capital-for-enterprise-ltd	PB147
central-arbitration-committee	PB148
industrial-development-advisory-board	OT152
the-committee-on-standards-in-public-life	PB158
building-regulations-advisory-committee	PB160
homes-and-communities-agency	PB161
architects-registration-board	PC163
arts-council-england	PB165
british-library	PB166
british-museum	PB167
english-heritage	PB168
gambling-commission	PB169
geffrye-museum	PB170
horniman-museum	PB171
imperial-war-museum	PB172
national-gallery	PB174
national-heritage-memorial-fund	PB175
science-museum-group	PB177
national-museums-liverpool	PB178
national-portrait-gallery	PB179
natural-history-museum	PB180
olympic-delivery-authority	PB181
royal-armouries-museum	PB182
sir-john-soane-s-museum	PB183
sports-grounds-safety-authority	PB184
uk-sport	PB185
visitbritain	PB186
wallace-collection	PB187
big-lottery-fund	PB188
british-film-institute	PB189
sport-england	PB190
committee-on-radioactive-waste-management	PB191
the-fuel-poverty-advisory-group	PB192
nuclear-liabilities-financing-assurance-board	PB193
civil-nuclear-police-authority	PB194
the-coal-authority	PB195
committee-on-climate-change	PB196
nuclear-decommissioning-authority	PB197
consumer-council-for-water	PB198
environment-agency	EA199
gangmasters-licensing-authority	PB200
joint-nature-conservation-committee	PB201
natural-england	PB202
agriculture-and-horticulture-development-board	OT204
sea-fish-industry-authority	OT205
health-and-safety-executive	PB207
advisory-committee-on-pesticides	PB208
advisory-committee-on-releases-to-the-environment	PB209
independent-agricultural-appeals-panel	PB210
science-advisory-council	PB211
veterinary-products-committee	PB212
covent-garden-market-authority	OT214
broads-authority	OT216
dartmoor-national-park-authority	OT217
exmoor-national-park-authority	OT219
lake-district-national-park-authority	OT220
new-forest-national-park-authority	OT222
north-york-moors-national-park	OT223
commonwealth-scholarship-commission-in-the-uk	PB226
equality-2025	PB230
industrial-injuries-advisory-council	PB231
social-security-advisory-committee	PB232
the-pensions-advisory-service	PB233
the-pensions-regulator	PB234
pension-protection-fund-ombudsman	PB235
pensions-ombudsman	PB236
national-employment-savings-trust	OT237
the-water-services-regulation-authority	D240
uk-export-finance	D241
education-funding-agency	EA242
standards-and-testing-agency	EA243
children-and-family-court-advisory-and-support-service	PB246
disabled-persons-transport-advisory-committee	PB247
air-accidents-investigation-branch	OT248
rail-accident-investigation-branch	OT249
care-quality-commission	PB251
human-fertilisation-and-embryology-authority	PB253
human-tissue-authority	PB254
monitor	PB255
foreign-compensation-commission	PB257
uk-financial-investments-limited	PC259
office-for-budget-responsibility	PB260
office-of-tax-simplification	OT261
office-of-the-immigration-services-commissioner	PB263
security-industry-authority	PB264
serious-organised-crime-agency	PB265
office-of-manpower-economics	PB266
equality-and-human-rights-commission	OT269
investigatory-powers-tribunal	PB270
advisory-council-on-the-misuse-of-drugs	PB271
police-advisory-board-for-england-and-wales	PB273
technical-advisory-board	PB274
migration-advisory-committee	PB275
national-dna-database-ethics-group	PB276
police-arbitration-tribunal	PB277
police-discipline-appeals-tribunal	PB278
hm-inspectorate-of-constabulary	OT281
independent-chief-inspector-of-borders-and-immigration	OT284
royal-naval-museum	PB290
royal-museums-greenwich	PB291
civil-justice-council	PB293
law-commission	PB294
the-sentencing-council-for-england-and-wales	PB295
victim-s-advisory-panel	PB296
criminal-injuries-compensation-authority	PB297
information-commissioner-s-office	PB298
judicial-appointments-commission	PB299
legal-services-commission	PB300
parole-board	PB301
youth-justice-board-for-england-and-wales	PB302
office-for-national-statistics	D303
the-security-service-mi5	OT304
secret-intelligence-service	OT305
government-communications-headquarters	OT306
national-army-museum	PB307
royal-air-force-museum	PB308
royal-marines-museum	PB310
fleet-air-arm-museum	PB311
british-council	OT313
marshall-aid-commemoration-commission	OT315
westminster-foundation-for-democracy	OT316
biotechnology-biological-sciences-research-council	PB317
competition-service	PB318
criminal-cases-review-commission	IM320
hm-prison-service	EA321
hm-inspectorate-of-prisons	IM324
hm-inspectorate-of-probation	IM325
victims-commissioner	PB326
prisons-and-probation-ombudsman	IM327
official-solicitor-and-public-trustee	OT328
the-legal-ombudsman	IM329
legal-services-board	IM332
judicial-appointments-and-conduct-ombudsman	IM333
independent-commission-for-aid-impact	IM335
advisory-committee-on-business-appointments	PB336
boundary-commission-for-england	PB337
house-of-lords-appointments-commission	IM341
privy-council-office	OT342
audit-commission	PC343
hm-crown-prosecution-service-inspectorate	OT347
pension-protection-fund	PB348
independent-living-fund	PB349
remploy-ltd	PB350
office-of-fair-trading	D352
competition-commission	PB353
regulatory-policy-committee	PB354
copyright-tribunal	PB355
consumer-focus	PB356
export-guarantees-advisory-council	PB357
land-registration-rule-committee	PB358
uk-green-investment-bank	OT360
government-procurement-service	EA365
civil-service-commission	PB366
security-vetting-appeals-panel	PB367
review-body-on-senior-salaries	PB368
housing-ombudsman	PB372
leasehold-advisory-service	PB373
london-thames-gateway-development-corporation	PB374
valuation-tribunal-service-for-england-valuation-tribunal-service	PB375
visitengland	PB376
uk-anti-doping	PB377
victoria-and-albert-museum	PB378
the-theatres-trust	PB380
the-reviewing-committee-on-the-export-of-works-of-art-and-objects-of-cultural-interest	PB382
treasure-valuation-committee	PB383
ofcom	OT385
channel-4	PC386
s4c	PC387
bbc	PC388
historic-royal-palaces	PC389
heritage-lottery-fund	PC390
advisory-committee-on-conscientious-objectors	PB392
advisory-group-on-military-medicine	PB393
armed-forces-pay-review-body	PB394
central-advisory-committee-on-pensions-and-compensation	PB395
defence-nuclear-safety-committee	PB396
defence-scientific-advisory-council	PB397
national-employer-advisory-board	PB399
nuclear-research-advisory-council	PB400
oil-and-pipelines-agency	PB401
science-advisory-committee-on-the-medical-implications-of-less-lethal-weapons	PB402
veterans-advisory-and-pensions-committees-x13	PB403
service-complaints-commissioner	OT404
defence-academy	OT405
service-prosecuting-authority	OT406
defence-press-and-broadcasting-advisory-committee	OT408
royal-navy-submarine-museum	OT409
defence-sixth-form-college	OT411
office-of-the-children-s-commissioner	PB413
school-teachers-review-body	PB414
national-forest-company	PB415
agricultural-wages-committee-x13	PB420
agricultural-dwelling-house-advisory-committees-x16	PB421
plant-varieties-and-seeds-tribunal	PB423
drinking-water-inspectorate	OT425
great-britain-china-centre	PB426
bbc-world-service	PC427
boundary-commission-for-northern-ireland	OT428
northern-ireland-human-rights-commission	OT429
parades-commission-for-northern-ireland	OT430
boundary-commission-for-scotland	OT431
boundary-commission-for-wales	OT432
the-adjudicator-s-office	OT433
royal-mint-advisory-committee	PB434
supreme-court-of-the-united-kingdom	D435
administrative-justice-and-tribunals-council	PB436
advisory-committees-on-justices-of-the-peace	PB437
the-advisory-council-on-national-records-and-archives	PB438
civil-procedure-rules-committee	PB440
family-justice-council	PB441
family-procedure-rule-committee	PB442
independent-advisory-panel-on-deaths-in-custody	PB443
independent-monitoring-boards-of-prisons-immigration-removal-centres-and-short-term-holding-rooms	OT444
insolvency-rules-committee	PB445
prison-services-pay-review-body	PB446
tribunal-procedure-committee	PB448
independent-police-complaint-commission	PB456
office-of-surveillance-commissioners	PB457
police-negotiating-board	PB458
directly-operated-railways-limited	PB459
high-speed-two-limited	PB460
british-transport-police-authority	PB461
trinity-house	PB462
northern-lighthouse-board	PB463
passenger-focus	PB464
traffic-commissioners	PB465
railway-heritage-committee	PB466
brb-residuary-ltd	PC467
trust-ports	PC468
civil-aviation-authority	PC469
marine-accident-investigation-branch	PC472
national-institute-for-clinical-excellence	PB474
review-board-for-government-contracts	PB477
public-health-england	EA480
nhs-commissioning-board	PB481
health-research-authority	OT483
nhs-trust-development-authority	OT484
nhs-blood-and-transplant	OT486
nhs-litigation-authority	OT488
advisory-panel-on-public-sector-information	PB491
chevening-foundation	OT492
london-and-continental-railways-ltd	PC493
airports-commission	OT494
defence-equipment-and-support	OT495
defence-infrastructure-organisation	OT496
joint-forces-command	OT498
the-shareholder-executive	PB500
the-west-northamptonshire-development-corporation	PB501
office-for-life-sciences	OT502
local-government-ombudsman	PB503
chief-fire-and-rescue-adviser-unit	OT504
national-security	OT505
government-equalities-office	OT506
efficiency-and-reform-group	OT507
board-of-trustees-of-the-royal-botanic-gardens-kew	PB508
disclosure-and-barring-service	PB509
social-mobility-and-child-poverty-commission	PB510
independent-reviewer-of-terrorism-legislation	OT511
intelligence-services-commissioner	OT512
interception-of-communications-commissioner	OT513
office-for-low-emission-vehicles	OT514
office-of-the-parliamentary-counsel	OT515
criminal-procedure-rule-committee	PB516
commissioner-for-public-appointments	OT517
mckay-commission	OT518
the-parliamentary-and-health-service-ombudsman	OT519
behavioural-insights-team	OT520
insolvency-practitioners-tribunal	PB521
advisory-committee-on-clinical-excellence-awards	OT522
administration-of-radioactive-substances-advisory-committee	PB523
british-pharmacopoeia	PB524
commission-on-human-medicines	PB525
committee-on-mutagenicity-of-chemicals-in-food-consumer-products-and-the-environment	PB526
independent-reconfiguration-panel	PB527
nhs-business-services-authority	OT529
review-body-on-doctors-and-dentists-remuneration	PB530
nhs-pay-review-body	PB531
prime-ministers-office-10-downing-street	OT532
investigation-into-the-role-of-jimmy-savile-at-broadmoor-hospital	OT533
animals-in-science-committee	PB534
border-force	OT535
forensic-science-regulator	OT536
deputy-prime-ministers-office	OT537
health-and-social-care-information-centre	OT538
health-education-england	OT539
infrastructure-uk	OT540
national-college-for-teaching-and-leadership	EA541
northumberland-national-park-authority	OT543
peak-district-national-park	OT545
south-downs-national-park-authority	OT546
yorkshire-dales-national-park-authority	OT547
biometrics-commissioner	OT548
government-estates-management	OT549
competition-and-markets-authority	D550
groceries-code-adjudicator	OT551
surveillance-camera-commissioner	OT552
office-of-the-regulator-of-community-interest-companies	OT553
uk-visas-and-immigration	OT554
government-office-for-science	OT555
legal-aid-agency	EA556
export-control-organisation	OT557
national-crime-agency	PB558
healthcare-uk	OT559
cesg	OT563
bona-vacantia	OT564
morecambe-bay-investigation	OT565
open-public-services	OT566
centre-for-the-protection-of-national-infrastructure	OT567
better-regulation-delivery-office	OT569
driver-and-vehicle-standards-agency	EA570
tate	PB571
wave-hub	OT572
advisory-committee-on-animal-feedingstuffs	PB573
advisory-committee-on-novel-foods-and-processes	PB574
advisory-committee-on-the-microbiological-safety-of-food	PB575
committee-on-toxicity-of-chemicals-in-food-consumer-products-and-the-environment	PB576
general-advisory-committee-on-science	PB577
social-science-research-committee	PB578
independent-case-examiner	OT579
national-crime-agency-remuneration-review-body	PB580
queens-harbour-master	OT581
scottish-office	D582
department-for-education-and-skills	D583
department-of-social-security	D584
department-of-education	D585
department-of-trade-and-industry	D586
department-for-constitutional-affairs	D587
firearms-consultative-committee	OT588
animal-procedures-committee	OT589
welsh-office	OT590
department-of-the-environment	D591
monopolies-and-mergers-commission	OT592
royal-commission-on-criminal-justice	OT593
board-of-inland-revenue	OT594
lord-chancellors-department	D595
victoria-climbi_-inquiry	OT596
shipman-inquiry	OT597
department-of-constitutional-affairs	D598
kerr-haslam-inquiry	OT599
office-of-the-legal-services-complaints-commissioner	OT600
hm-court-service	EA601
review-body-for-nursing-and-other-health-professions	OT604
department-of-finance-and-personnel-for-northern-ireland	D605
royal-commission-on-environmental-pollution	OT606
department-for-innovation-universities-and-skills	D608
department-for-children-schools-and-families	D609
office-for-criminal-justice-reform	OT610
department-for-business-enterprise-and-regulatory-reform	D611
scottish-law-commission	OT612
statistics-commission	OT614
independent-monitoring-commission	OT615
independent-review-of-the-uk-postal-services-sector	OT616
office-of-hm-paymaster-general	OT618
independent-review-of-police-officer-and-staff-remuneration-and-conditions	OT619
royal-liverpool-childrens-inquiry	OT622
qualifications-and-curriculum-authority	EA624
gaming-board-for-great-britain	OT626
public-accounts-commission	OT627
derby-north-east-education-action-zone	OT628
national-care-standards-commission	OT629
rivers-agency	EA630
department-of-inland-revenue	D631
kitts-green-and-shard-end-education-action-zone	OT632
nhs-pensions-agency	EA633
northern-ireland-audit-office	OT634
equitable-life-inquiry	OT635
office-of-the-police-ombudsman-for-northern-ireland	OT636
greenwich-education-action-zone	OT637
wolverhampton-education-action-zone	OT638
wednesbury-education-action-zone	OT639
bolton-education-action-zone	OT640
hamilton-oxford-education-action-zone	OT641
scottish-screen	OT642
dudley-education-action-zone	OT643
northern-ireland-council-for-the-curriculum-examinations-and-assessment	OT644
westminster-education-action-zone	OT645
north-east-derbyshire-coalfields-education-action-zone	OT646
telford-and-wrekin-education-action-zone	OT647
withernsea-and-southern-holderness-education-action-zone	OT648
northern-ireland-policing-board	OT649
easington-and-seaham-education-action-zone	OT650
north-islington-education-action-zone	OT651
stoke-education-action-zone	OT652
sunderland-education-action-zone	OT653
peterlee-education-action-zone	OT654
southend-education-action-zone	OT655
national-biological-standards-board	EA656
police-service-of-northern-ireland	OT657
national-endowment-for-science-technology-and-the-arts	OT658
probation-board-for-northern-ireland	OT659
public-health-laboratory-service-board	EA660
parliamentary-contributory-pension-fund	OT661
bedford-education-action-zone	OT662
leigh-park-education-action-zone	OT663
downham-and-bellingham-education-action-zone	OT664
corby-education-action-zone	OT665
bristol-education-action-zone	OT666
north-west-shropshire-education-action-zone	OT667
wythenshawe-education-action-zone	OT668
ellesmere-port-education-action-zone	OT669
camborne-pool-and-redruth-education-action-zone	OT670
coventry-education-action-zone	OT671
north-gillingham-education-action-zone	OT672
gloucester-education-action-zone	OT673
east-manchester-education-action-zone	OT674
northern-ireland-social-security-agency	EA675
commission-for-racial-equality	OT676
clacton-and-harwich-education-action-zone	OT677
hackney-education-action-zone	OT678
hastings-and-st-leonards-education-action-zone	OT679
kent-and-somerset-education-action-zone	OT680
hybu-cig-cymru-meat-promotion-wales	OT681
commission-for-health-improvement	OT683
bridgwater-education-action-zone	OT684
defence-analytical-services-agency	EA685
hm-inspectorate-of-explosives-for-northern-ireland	OT686
valuation-and-lands-agency	EA687
sentence-review-commissioners	OT688
water-service-northern-ireland	EA689
counter-fraud-and-security-management-service	OT690
family-health-services-appeal-authority	OT691
national-treatment-agency-for-substance-misuse	EA692
ministry-of-defence-police-and-guarding-agency	EA693
sports-council-for-northern-ireland	OT694
ordnance-survey-of-northern-ireland	EA695
forensic-science-northern-ireland	EA696
youth-justice-agency-of-northern-ireland	EA697
assets-recovery-agency	EA698
land-registers-of-northern-ireland	EA700
northern-ireland-statistics-and-research-agency	EA701
dingle-granby-toxteth-education-action-zone	OT702
national-crime-squad	OT703
national-criminal-intelligence-service	EA704
medical-supplies-agency	EA705
armed-forces-personnel-administration-agency	EA706
compensation-agency	EA707
wakefield-education-action-zone	OT708
nhs-estates	OT709
equal-opportunities-commission	OT710
disability-rights-commission	OT711
national-weights-and-measures-laboratory	OT712
defence-estates	OT713
planning-service	OT714
general-teaching-council-for-england	EA715
nhs-purchasing-and-supply-agency	EA716
defence-aviation-repair-agency	EA717
uk-passport-service	OT718
millennium-commission	OT719
defence-intelligence-and-security-centre	OT720
alcohol-education-and-research-council	OT721
south-east-sheffield-education-action-zone	OT722
national-probation-service	OT723
hearing-aid-council	OT724
northern-ireland-court-service	EA725
criminal-records-bureau	OT726
police-complaints-authority	OT727
countryside-agency	EA729
national-radiological-protection-board	OT730
arts-council-of-wales	OT731
consumer-council-for-postal-services	OT732
gas-and-electricity-consumer-council-energywatch	OT733
sports-council-for-wales	OT734
warship-support-agency	EA735
great-yarmouth-education-action-zone	OT736
south-east-england-virtual-education-action-zone	OT737
heart-of-slough-education-action-zone	OT738
plymouth-education-action-zone	OT739
arts-council-of-northern-ireland	EA740
general-social-care-council	OT741
hm-customs-and-excise	OT742
community-fund	OT743
office-of-the-chief-electoral-officer-for-northern-ireland	OT744
office-of-the-oversight-commissioner	OT745
department-of-health-social-services-and-public-safety	D746
department-for-regional-development	D747
department-for-social-development	D748
office-of-the-first-minister-and-deputy-first-minister	OT749
department-of-enterprise-trade-and-investment	D750
staff-commission-for-education-and-library-boards	OT751
labour-relations-agency	EA752
department-of-agriculture-and-rural-development	D753
crown-agents-holding-and-realisation-board	OT754
social-security-agency	EA756
home-grown-cereals-authority	OT757
northern-ireland-local-government-officers-superannuation-committee	OT758
fire-authority-for-northern-ireland	OT759
community-development-foundation	OT760
northern-ireland-authority-for-energy-regulation	OT761
scottish-arts-council	OT762
scottish-sports-council	EA764
learning-and-skills-council	EA765
barrow-education-action-zone	OT766
speke-garston-education-action-zone	OT767
east-cleveland-education-action-zone	OT768
armagh-observatory-and-planetarium	OT769
northern-ireland-social-care-council	OT770
building-research-establishment	EA771
criminal-justice-inspection-northern-ireland	OT772
deepcut-review	OT773
national-blood-authority	OT774
uk-transplant	OT775
south-bradford-education-action-zone	OT776
north-stockton-education-action-zone	OT777
council-for-catholic-maintained-schools	OT778
equality-commission-for-northern-ireland	OT779
court-of-judicature-of-northern-ireland	OT780
north-east-education-and-library-board	OT781
zahid-mubarek-inquiry	OT782
northern-ireland-legal-services-commission	OT783
veterinary-laboratories-agency	EA784
defence-procurement-agency	EA785
adult-learning-inspectorate	OT786
football-licensing-authority	OT787
environment-and-heritage-service	EA788
defence-storage-and-distribution-agency	EA789
training-and-development-agency-for-schools	EA790
northern-ireland-health-and-social-services-estates-agency	EA791
health-protection-agency	EA792
food-from-britain	OT793
strategic-rail-authority	OT794
special-eu-programmes-body	OT795
business-development-service	OT796
northern-ireland-prison-service	EA797
dental-practice-board	OT798
dental-vocational-training-authority	OT799
mental-health-act-commission	OT800
nhs-appointments-commission	OT801
nhs-direct-national-health-service-trust	OT802
nhs-institute-for-innovation-and-improvement	OT803
nhs-logistics-authority	OT804
nhs-professionals	OT805
prescription-pricing-authority	OT806
fisheries-conservancy-board-for-northern-ireland	OT807
driver-and-vehicle-testing-agency	EA808
general-consumer-council-for-northern-ireland	OT809
northern-ireland-child-support-agency	EA810
hm-inspectorate-of-court-administration	OT811
forensic-science-service	OT812
defence-communication-services-agency	EA813
council-for-healthcare-regulatory-excellence	OT814
army-base-repair-organisation	EA816
ogcbuyingsolutions	OT817
disability-and-carers-service	OT818
central-police-training-and-development-authority	OT819
northern-ireland-tourist-board	OT820
central-science-laboratory	EA821
commission-for-patient-and-public-involvement-in-health	OT822
disposal-services-agency	EA823
commission-for-social-care-inspection	OT824
forest-service	OT825
public-lending-right-office	OT826
office-of-the-legal-services-ombudsman	OT827
northern-ireland-ombudsman	OT828
criminal-injuries-compensation-appeals-panel-for-northern-ireland	EA829
government-car-and-despatch-agency	EA830
roads-service	OT831
police-information-technology-organisation	EA832
english-nature	EA833
postal-services-commission	OT834
housing-corporation	EA835
defence-medical-education-and-training-agency	EA836
criminal-injuries-compensation-appeals-panel	OT837
northern-ireland-commissioner-for-children-and-young-people	OT838
thurrock-thames-gateway-development-corporation	OT840
council-for-the-central-laboratory-of-the-research-councils	OT841
commission-for-architecture-and-the-built-environment-cabe	PB842
marine-fisheries-agency	EA843
uk-government-decontamination-service	EA844
pension-service	OT845
central-office-of-information	OT846
appeals-service-agency	EA847
defence-transport-and-movements-agency	EA848
livestock-and-meat-commission-for-northern-ireland	OT849
uk-film-council	OT850
milk-development-council	OT851
new-opportunities-fund	OT852
department-of-culture-arts-and-leisure	D853
department-for-employment-and-learning	D854
northern-ireland-practice-and-education-council	OT856
south-eastern-education-and-library-board	OT857
western-education-and-library-board	OT858
state-veterinary-service	OT859
national-patient-safety-agency	EA860
ashington-education-action-zone	OT861
loughs-agency	OT862
northern-health-and-social-services-board	OT863
southern-health-and-social-services-board	OT864
eastern-health-and-social-services-board	OT865
western-health-and-social-services-board	OT866
revenue-and-customs-prosecutions-office	OT867
national-museums-and-galleries-of-northern-ireland	OT868
waterways-ireland	OT869
food-safety-promotion-board	PB870
enterprise-ulster	OT871
pesticides-safety-directorate	OT872
meat-hygiene-service	EA873
english-partnerships	EA874
particle-physics-and-astronomy-research-council	OT875
meat-and-livestock-commission	OT876
life-sentence-review-commissioners	OT877
british-forces-post-office	OT878
rent-service	EA879
northern-ireland-judicial-appointments-commission	OT880
people-pay-and-pensions-agency	EA882
defence-bills-agency	EA883
defence-vetting-agency	EA884
identity-and-passport-service	OT885
english-sports-council	OT886
british-potato-council	OT887
healthcare-commission	OT889
commission-for-rural-communities	OT890
national-school-of-government	OT891
design-council	OT893
standards-board-for-england	OT895
investors-in-people-uk	OT896
postgraduate-medical-education-and-training-board	OT897
nhs-information-centre	OT899
animal-health	EA900
renewable-fuels-agency	EA901
horticultural-development-council	OT902
personal-accounts-delivery-authority	OT903
national-policing-improvement-agency	EA904
sutherland-inquiry	OT905
professional-oversight-board	OT906
wales-audit-office	OT908
commission-for-the-compact	OT909
phoenix-sports	OT910
buying-solutions	OT911
east-midlands-development-agency-emda	EA912
parole-commissioners-for-northern-ireland	OT913
independent-safeguarding-authority	OT914
childrens-workforce-development-council	OT915
local-better-regulation-office	OT916
east-of-england-development-agency	EA917
south-west-of-england-regional-development-agency	EA918
south-east-england-development-agency	EA919
northwest-regional-development-agency	EA920
one-north-east	EA921
northwest-business-link	EA922
yorkshire-forward	EA923
pension-disability-and-carers-service	EA924
icl-inquiry	OT925
child-maintenance-and-enforcement-commission	OT926
advantage-west-midlands	EA927
capacitybuilders	OT928
national-college-for-school-leadership	EA929
working-ventures-uk	OT930
british-educational-communications-and-technology-agency	EA932
nimrod-review	OT933
tenant-services-authority	EA934
northern-ireland-police-fund	OT935
museums-libraries-and-archives-council	OT936
northern-ireland-law-commission	OT937
school-food-trust	OT938
office-of-the-commissioner-for-the-rights-of-trade-union-members	OT940
office-of-the-commissioner-for-protection-against-unlawful-industrial-action	OT941
bloody-sunday-inquiry	OT944
office-of-the-health-professions-adjudicator	OT945
royal-trustees-office	OT946
infrastructure-planning-commission	OT947
asset-protection-agency	EA949
co2sense	OT950
billy-wright-inquiry	OT951
redfern-inquiry	OT952
sitpro	OT953
rosemary-nelson-inquiry	OT954
office-for-tenants-and-social-landlords	EA955
qualifications-and-curriculum-development-agency	EA956
english-institute-of-sport	OT957
mull-of-kintyre-review	OT958
north-west-development-agency	EA959
young-peoples-learning-agency	EA960
firebuy	OT961
public-prosecution-service-for-northern-ireland	OT962
baha-mousa-inquiry	OT963
creative-scotland	OT964
hillsborough-independent-panel	OT966
leveson-inquiry	OT967
patrick-finucane-review	OT968
mid-staffordshire-nhs-foundation-trust-public-inquiry	OT969
royal-mail	PC970
professional-standards-authority-for-health-and-social-care	OT971
azelle-rodney-inquiry	OT972
council-on-tribunals	PB973
exchequer-and-audit-department	D974
nature-conservancy-council	OT975
office-of-the-lay-observer	OT976
office-of-telecommunications	OT977
oftel	OT978
office-of-the-data-protection-registrar	OT979
polytechnics-and-colleges-funding-council	OT980
inquiry-into-the-supervision-of-the-bank-of-credit-and-commerce-international	OT984
national-museums-of-scotland	OT987
ancient-monuments-board-for-scotland	OT988
scottish-hospital-trust	OT989
welsh-development-agency	OT991
chemical-and-biological-defence-establishment	OT992
department-of-national-heritage	OT993
legal-aid-board	OT994
independent-television-commission	OT995
board-of-banking-supervision	OT996
her-majestys-magistrates-courts-service-inspectorate	OT997
examination-team-on-child-care-procedures-and-practice-in-north-wales	OT998
natural-resources-institute	OT999
further-and-higher-education-funding-councils-for-wales	OT1000
broadcasting-standards-commission	OT1001
department-of-the-environment-transport-and-the-regions	OT1002
northern-ireland-judicial-appointments-ombudsman	OT1003
united-kingdom-blood-transfusion-services	OT1004
gowers-review-of-intellectual-property	OT1005
barker-review-of-land-use-planning	OT1006
leitch-review-of-skills	OT1007
cooksey-review	OT1008
varney-review	OT1009
eliasch-review	OT1010
veterinary-residues-committee	OT1011
administrative-justice-and-tribunals-council-welsh-committee	OT1012
lyons-inquiry-into-local-government	OT1013
office-of-the-identity-commissioner	OT1014
crown-commercial-service	EA1015
bank-of-england	OT1016
independent-medical-expert-group	PB1017
mid-staffordshire-nhs-foundation-trust-public-inquiry-2010	OT1018
welsh-government	DA1019
the-scottish-government	DA1020
northern-ireland-executive	DA1021
uk-co-ordinating-body	OT1022
hm-nautical-almanac-office	OT1023
academy-for-justice-commissioning	OT1025
uk-trade-and-investment-defence-and-security-organisation	OT1026
office-of-the-schools-adjudicator	OT1027
civil-service	CS1028
civil-service-operational-delivery-profession	OT1029
civil-service-policy-profession	OT1030
civil-service-project-delivery-profession	OT1031
civil-service-procurement-profession	OT1032
civil-service-government-legal-service	OT1033
civil-service-government-communication-service	OT1034
civil-service-government-finance-profession	OT1035
civil-service-human-resources-profession	OT1036
civil-service-government-economic-service	OT1037
civil-service-internal-audit-profession	OT1038
civil-service-government-property-profession	OT1039
civil-service-government-science-engineering	OT1040
civil-service-government-statistical-service	OT1041
civil-service-government-operational-research-service	OT1042
civil-service-government-social-research-profession	OT1043
civil-service-the-government-planning-profession	OT1044
civil-service-government-planning-inspectors	OT1045
civil-service-government-tax-profession	OT1046
civil-service-government-veterinary-services	OT1047
civil-service-government-knowledge-information-management-profession	OT1048
civil-service-government-occupational-psychology-profession	OT1049
civil-service-corporate-finance-profession-cfp	OT1050
british-cattle-movement-service	OT1051
civil-service-intelligence-analysis-profession	OT1052
civil-service-government-it-profession	OT1053
civil-service-medical-profession	OT1054
civil-service-reform	OT1055
government-digital-service	OT1056
macur-review	OT1057
jeffrey-review	OT1058
office-for-nuclear-regulation	PC1059
rural-development-programme-for-england-network	OT1060
government-chemist	OT1061
company-names-tribunal	PB1062
civil-nuclear-constabulary	OT1063
centre-for-defence-enterprise	OT1064
reserve-forces-and-cadets-associations	OT1065
office-for-disability-issues	OT1066
ukti-education	OT1067
ukti-life-sciences-organisation	OT1068
immigration-enforcement	OT1069
government-security-profession	OT1070
military-aviation-authority	OT1071
agri-food-and-biosciences-institute	PB1072
department-of-justice-northern-ireland	D1073
information-services-division-scotland	OT1074
national-records-of-scotland	OT1075
civil-service-resourcing	OT1076
public-health-wales	OT1077
innovate-uk	PB1078
animal-and-plant-health-agency	EA1079
district-valuer-services-dvs	OT1080
regeneration-investment-organisation	OT1081
financial-services-organisation	OT1082
police-remuneration-review-body	PB1083
government-internal-audit-agency	EA1084
financial-conduct-authority	OT1085
stabilisation-unit	OT1086
veterans-uk	OT1087
higher-education-statistical-agency	OT1088
national-counter-terrorism-security-office	OT1089
national-information-board	OT1090
office-of-the-registrar-of-consultant-lobbyists	OT1091
single-source-regulations-office	PB1093
independent-complaints-reviewer	OT1099
court-of-protection	OT1100
welsh-language-commissioner	OT1101
careers-wales	OT1102
natural-resources-wales	OT1103
nhs-wales-informatics-service	OT1104
estyn	DA1105
schools-commissioners-group	OT1107
government-legal-department	D1108
national-measurement-and-regulation-office	EA1109
third-party-campaigning-review	OT1111
united-kingdom-reserve-forces-association	OT1112
defence-electronics-and-components-agency	EA1113
highways-england	EA1114
government-commercial-function	OT1116
office-of-rail-and-road	D1117
transport-focus	PB1118
oil-and-gas-authority	EA1119
bankruptcy-court	CO1120
civil-service-fast-stream	OT1121
independent-family-returns-panel	OT1122
independent-anti-slavery-commissioner	IM1123
first-tier-tribunal-mental-health	CO1124
first-tier-tribunal-general-regulatory-chamber	CO1125
first-tier-tribunal-war-pensions-and-armed-forces-compensation	CO1126
first-tier-tribunal-asylum-support	CO1127
first-tier-tribunal-tax	CO1128
gangmasters-licensing-appeals	CO1129
first-tier-tribunal-criminal-injuries-compensation	CO1130
first-tier-tribunal-care-standards	CO1131
employment-tribunal	CO1133
employment-appeal-tribunal	CO1134
senior-courts-costs-office	CO1135
first-tier-tribunal-social-security-and-child-support	CO1136
accelerated-access-review	OT1137
reserve-forces-appeal-tribunal	PB1138
first-tier-tribunal-property-chamber	PB1139
upper-tribunal-tax-and-chancery-chamber	PB1140
upper-tribunal-lands-chamber	PB1141
upper-tribunal-administrative-appeals-chamber	PB1142
first-tier-tribunal-immigration-and-asylum	PB1143
upper-tribunal-immigration-and-asylum-chamber	PB1144
first-tier-tribunal-special-educational-needs-and-disability	CO1145
department-of-culture-arts-and-leisure-northern-ireland	DA1146
admiralty-court	CO1147
british-business-bank	OT1148
independent-commission-on-freedom-of-information	PB1149
radioactive-waste-management	OT1150
payment-systems-regulator	OT1151
disabled-peoples-employment-corporation	PB1152
defence-and-security-media-advisory-committee	OT1153
ebbsfleet-development-corporation	PB1154
family-division-of-the-high-court	CO1155
planning-court	CO1156
technology-and-construction-court	CO1157
mercantile-court	CO1158
commercial-court	CO1159
companies-court	CO1160
national-infrastructure-commission	OT1161
intellectual-property-enterprise-court	CO1162
court-of-appeal-civil-division	CO1163
historic-england	PB1164
northampton-county-court-business-centre	CO1165
infrastructure-and-projects-authority	OT1166
civil-service-fast-track-apprenticeship	OT1167
service-complaints-ombudsman	OT1168
financial-services-trade-and-investment-board	OT1169
patents-court	CO1170
uk-holocaust-memorial-foundation	PB1171
committee-on-fuel-poverty	PB1172
department-for-communities-northern-ireland	OT1173
department-for-the-economy-northern-ireland	OT1174
department-of-health-northern-ireland	OT1175
department-for-infrastructure-northern-ireland	OT1176
department-of-finance-northern-ireland	OT1177
department-of-agriculture-environment-and-rural-affairs-northern-ireland	OT1178
the-executive-office-northern-ireland	OT1179
national-data-guardian	OT1180
court-of-appeal-criminal-division	CO1181
digital-data-and-technology-professions	OT1182
queens-bench-division-of-the-high-court	CO1183
porton-biopharma-limited	OT1184
dormant-assets-commission	PB1185
uk-government-investments	OT1186
office-of-financial-sanctions-implementation	OT1187
administrative-court	CO1188
regulatory-delivery	OT1189
lammy-review	OT1190
defence-safety-authority	OT1191
pubs-code-adjudicator	OT1192
social-mobility-commission	PB1193
central-advisory-committee-on-compensation	PB1194
iraq-inquiry	OT1195
department-for-international-trade	D1196
department-for-exiting-the-european-union	D1197
department-for-business-energy-and-industrial-strategy	D1198
nhs-improvement	PB1199
civil-service-board	OT1200
cabinet-office-board	OT1201
nhs-digital	PB1202
the-electoral-commission	IM1203
valuation-tribunal-for-england	PB1204
chancery-division-of-the-high-court	CO1205
defence-and-security-accelerator	OT1206
rail-safety-and-standards-board	OT1207
academy-for-social-justice-commissioning	OT1208
her-majestys-government-communications-centre	OT1209
preventing-sexual-violence-initiative	OT1210
national-cyber-security-centre	OT1211
northern-ireland-housing-executive	PB1212
her-majestys-prison-and-probation-service	EA1213
institute-for-apprenticeships	PB1214
judicial-office	OT1215
education-and-skills-funding-agency	EO1216
