oscar	government-organisations	company
ACA084	PB28	
ACD022		
ACE048	PB165;EA740;OT731;OT762	
ACL048		
AFS902		
AHC084	PB123	
AHD003	OT204	
ANT048	PB377	
ATT004		
BBB084	OT1148	
BBC048	PC388	
BFI048	PB189	
BIS084	D3	
BLF048	PB188	
BPA084		
BRC084	PB317	
BRM048	PB167	
BTP004	PB461	
CAB010	D2	
CAF047	PB246	
CAL085		
CCC066	PB196	
CCR047	IM320	
CCT048		
CES014	OT100	
CFD066		
CFW003	PB198	
CGM003	OT214	
CHR033	OT814	
CIL004		
CIT084	PB126	
CJA047	PB299	
CMA076	D550	
CMB066		
CNC066	PB194;OT1063	
COL066	PB195	
COM085		
COP034		
CPS016	OT347	
CQC033	PB251	
CSC030	PB226	
CSE084	PB318	
CSS010	PB366	
DBS034	PB509	
DCM048	D5	
DEC066	D11	
DFE022	D6	
DFT004	D9	
DID030	D8	
DLS084		
DOH033	D12	
DPC032	PB1152	
DVA099	EA808	
DWP032	D10	
EBF085	PB1154	
EFR003	D7	
EHG048	PB168	
EHL084		
EIT084	PB131	
ENV003	EA199	
EPS084	PB130	
ESR084	PB129	
FCL048		
FCO027	D13	
FLA048	OT787	
FLR003		
FRC084		02486368
FSA026	D102	
FSV087		
FTR033		
GBG048	PB169	
GIB084	OT360	
GLA034	PB200	
HCA085	PB161	
HEE033	OT539	
HEF084	PB120	
HER048		
HFE033	PB253	
HLF048	PC390	
HMR041		
HMT087	D15	
HOF034	D16	
HOL037		
HRC097	OT429	
HRG033	OT483	
HSC033	OT538	
HSE032	PB207	
HSL032		
HST004	PB460	
HTA033	PB254	
HTB087		
ICA030	IM335	
ICE033		
ICO048		
IPC085		
IPO034	PB456	
ISC034	PB263	
IWM048	PB172	
JPS908		
KEW003		
LAS085	PB373	
LCR004	PC493	
LGB071	PB337	
LGV085		
LIB048		
LSB047	IM332	
MAG048		
MAS087		
MIR033		
MMO003	PB57	
MOD017	D17	
MOJ047	D18	
MRC084	PB132	
NAM017	PB307	
NAW090		
NCA073	PB558	
NCB033		
NCC003	PB201	
NDA066	PB197	
NEN003	PB202	
NER084	PB133	
NES084	OT658	
NFC003	PB415	
NGL048	PB174	
NHF048	PB175	
NHM048	PB180	
NHP903		
NIE099	DA1021	
NIH099		
NIO097	D19	
NIP099		
NIT099		
NLB004	PB463	
NLC048		
NLL048		
NMG048	PB178	
NMM048		
NMS048		
NMW090		
NPC097	OT430	
NRN017	PB290	
NSI049		
NTR033		
NWR004		
OBR087	PB260	
OCC022	PB413	
OFA084	PB134	
OFC048	OT385	
OFQ070		
OGE020		
OLC047		
ONS005		
OPC060		
OSE072		
PAB047	PB301	
PAS032	PB233	
PFT087		
PSH084		
PSO090		
RAF017	PB308	
RCL010	OT1091	
RFC017		
RHC017		
RHH087		
RPC004		
SCO042		
SCT075	DA1020	
SEL048		
SFC048	PC387	
SIA003	OT205	
SIY034	PB264	
SLC084	PB27	
SPE048	PB190	
SSC084		
SSR017		
STF084	PB135	
SUK087		
TGL048		
THL004	PB462	
THO085	PB372	
TNA067	EA71	
TPO032		
TPR032	PB234	
TPS904		
TSC068	D435	
TST084	PB136	
UKA084	PB137	
UKC084	PB138	
UKP905		
UKR087		
UKS048	OT886;EA764;OT694;OT734	
UKT013	D117	
VAM048	PB378	
VGB048		
VTL085		
WAG090		
WAO090	OT908	
WFD027	OT316	
WGC017		
WOF091	OT590	
WSR057	D240	
XXX022		
YJB047	PB302	
