government-organisation	name	website	start-date	end-date
D1	Attorney General's Office	https://www.gov.uk/government/organisations/attorney-generals-office		
D2	Cabinet Office	https://www.gov.uk/government/organisations/cabinet-office		
D3		https://www.gov.uk/government/organisations/department-for-business-innovation-skills		2016-07-14
D4	Department for Communities and Local Government	https://www.gov.uk/government/organisations/department-for-communities-and-local-government		
D5	Department for Culture, Media & Sport	https://www.gov.uk/government/organisations/department-for-culture-media-sport		
D6	Department for Education	https://www.gov.uk/government/organisations/department-for-education		
D7	Department for Environment, Food & Rural Affairs	https://www.gov.uk/government/organisations/department-for-environment-food-rural-affairs		
D8	Department for International Development	https://www.gov.uk/government/organisations/department-for-international-development		
D9	Department for Transport	https://www.gov.uk/government/organisations/department-for-transport		
D10	Department for Work and Pensions	https://www.gov.uk/government/organisations/department-for-work-pensions		
D11		https://www.gov.uk/government/organisations/department-of-energy-climate-change		2016-07-14
D12	Department of Health	https://www.gov.uk/government/organisations/department-of-health		
D13	Foreign & Commonwealth Office	https://www.gov.uk/government/organisations/foreign-commonwealth-office		
D15	HM Treasury	https://www.gov.uk/government/organisations/hm-treasury		
D16	Home Office	https://www.gov.uk/government/organisations/home-office		
D17	Ministry of Defence	https://www.gov.uk/government/organisations/ministry-of-defence		
D18	Ministry of Justice	https://www.gov.uk/government/organisations/ministry-of-justice		
D19	Northern Ireland Office	https://www.gov.uk/government/organisations/northern-ireland-office		
D20	Office of the Advocate General for Scotland	https://www.gov.uk/government/organisations/office-of-the-advocate-general-for-scotland		
D21	Office of the Leader of the House of Commons	https://www.gov.uk/government/organisations/the-office-of-the-leader-of-the-house-of-commons		
D22	Office of the Leader of the House of Lords	https://www.gov.uk/government/organisations/office-of-the-leader-of-the-house-of-lords		
D23	Scotland Office	https://www.gov.uk/government/organisations/scotland-office		
D24	Office of the Secretary of State for Wales	https://www.gov.uk/government/organisations/office-of-the-secretary-of-state-for-wales		
D25	HM Revenue & Customs	https://www.gov.uk/government/organisations/hm-revenue-customs		
EA26	Companies House 	https://www.gov.uk/government/organisations/companies-house		
PB27	Student Loans Company	https://www.gov.uk/government/organisations/student-loans-company		
PB28	Advisory, Conciliation and Arbitration Service	https://www.gov.uk/government/organisations/acas		
PB29		https://www.gov.uk/government/organisations/national-fraud-authority		2014-03-31
D30	Treasury Solicitor’s Department	https://www.gov.uk/government/organisations/treasury-solicitor-s-department		
EA31	UK Space Agency	https://www.gov.uk/government/organisations/uk-space-agency		
EA32	The Insolvency Service	https://www.gov.uk/government/organisations/insolvency-service		
EA33		https://www.gov.uk/government/organisations/national-measurement-office		
EA34	Intellectual Property Office	https://www.gov.uk/government/organisations/intellectual-property-office		
D38	Ordnance Survey	https://www.gov.uk/government/organisations/ordnance-survey		
EA39	Planning Inspectorate	https://www.gov.uk/government/organisations/planning-inspectorate		
EA40	Queen Elizabeth II Conference Centre	https://www.gov.uk/government/organisations/queen-elizabeth-ii-conference-centre		
EA41	Royal Parks	https://www.gov.uk/government/organisations/royal-parks		
EA42	Defence Science and Technology Laboratory	https://www.gov.uk/government/organisations/defence-science-and-technology-laboratory		
EA44		https://www.gov.uk/government/organisations/defence-support-group		2015-03-31
EA46	Met Office	https://www.gov.uk/government/organisations/met-office		
EA49	Service Children's Education	https://www.gov.uk/government/organisations/service-children-s-education		
EA50		https://www.gov.uk/government/organisations/service-personnel-and-veterans-agency		2014-04-01
EA51	UK Hydrographic Office	https://www.gov.uk/government/organisations/uk-hydrographic-office		
EA52		https://www.gov.uk/government/organisations/animal-health-and-veterinary-laboratories-agency		2011-04-01
EA53	Centre for Environment, Fisheries and Aquaculture Science	https://www.gov.uk/government/organisations/centre-for-environment-fisheries-and-aquaculture-science		
EA54	Forest Research	https://www.gov.uk/government/organisations/forest-research		
EA55	Forest Enterprise (England) 	https://www.gov.uk/government/organisations/forest-enterprise-england		
EA56		https://www.gov.uk/government/organisations/the-food-and-environment-research-agency		
PB57	Marine Management Organisation	https://www.gov.uk/government/organisations/marine-management-organisation		
EA58	Rural Payments Agency	https://www.gov.uk/government/organisations/rural-payments-agency		
EA60	Veterinary Medicines Directorate	https://www.gov.uk/government/organisations/veterinary-medicines-directorate		
EA61	FCO Services	https://www.gov.uk/government/organisations/fco-services		
EA62	Wilton Park	https://www.gov.uk/government/organisations/wilton-park		
EA63	Medicines and Healthcare products Regulatory Agency	https://www.gov.uk/government/organisations/medicines-and-healthcare-products-regulatory-agency		
EA67	UK Border Agency	https://www.gov.uk/government/organisations/uk-border-agency		
D69	Land Registry	https://www.gov.uk/government/organisations/land-registry		
EA70	National Offender Management Service	https://www.gov.uk/government/organisations/national-offender-management-service		
EA71	The National Archives	https://www.gov.uk/government/organisations/the-national-archives		
EA72	Office of the Public Guardian	https://www.gov.uk/government/organisations/office-of-the-public-guardian		
EA73	HM Courts & Tribunals Service	https://www.gov.uk/government/organisations/hm-courts-and-tribunals-service		
EA74	Driver and Vehicle Licensing Agency	https://www.gov.uk/government/organisations/driver-and-vehicle-licensing-agency		
EA75		https://www.gov.uk/government/organisations/driving-standards-agency		2014-04-01
EA77		https://www.gov.uk/government/organisations/highways-agency		2015-04-01
EA78	Maritime and Coastguard Agency	https://www.gov.uk/government/organisations/maritime-and-coastguard-agency		
EA79		https://www.gov.uk/government/organisations/vehicle-and-operator-services-agency		2014-04-01
EA80	Vehicle Certification Agency	https://www.gov.uk/government/organisations/vehicle-certification-agency		
EA82	UK Debt Management Office	https://www.gov.uk/government/organisations/uk-debt-management-office		
D85	Forestry Commission	https://www.gov.uk/government/organisations/forestry-commission		
EA86	Skills Funding Agency	https://www.gov.uk/government/organisations/skills-funding-agency		
EA87	Valuation Office Agency	https://www.gov.uk/government/organisations/valuation-office-agency		
D98	The Charity Commission	https://www.gov.uk/government/organisations/charity-commission		
D101	Crown Prosecution Service	https://www.gov.uk/government/organisations/crown-prosecution-service		
D102	Food Standards Agency	https://www.gov.uk/government/organisations/food-standards-agency		
D103	Government Actuary's Department	https://www.gov.uk/government/organisations/government-actuarys-department		
EA104	NS&I	https://www.gov.uk/government/organisations/ns-i		
D106	Ofsted	https://www.gov.uk/government/organisations/ofsted		
D108	Ofgem	https://www.gov.uk/government/organisations/ofgem		
D109	Ofqual	https://www.gov.uk/government/organisations/ofqual		
D110	Office of Rail Regulation	https://www.gov.uk/government/organisations/office-of-rail-regulation		
D115	Serious Fraud Office	https://www.gov.uk/government/organisations/serious-fraud-office		
D116	UK Statistics Authority	https://www.gov.uk/government/organisations/uk-statistics-authority		
D117		https://www.gov.uk/government/organisations/uk-trade-investment		2016-07-13
PB118	Horserace Betting Levy Board	https://www.gov.uk/government/organisations/horserace-betting-levy-board		
PB120	Higher Education Funding Council for England	https://www.gov.uk/government/organisations/higher-education-funding-council-for-england		
PB121	Council for Science and Technology	https://www.gov.uk/government/organisations/council-for-science-and-technology		
PB122	Low Pay Commission	https://www.gov.uk/government/organisations/low-pay-commission		
PB123	Arts and Humanities Research Council	https://www.gov.uk/government/organisations/arts-and-humanities-research-council		
PB124	British Hallmarking Council	https://www.gov.uk/government/organisations/british-hallmarking-council		
PB126	Construction Industry Training Board	https://www.gov.uk/government/organisations/construction-industry-training-board		
PB129	Economic and Social Research Council	https://www.gov.uk/government/organisations/economic-and-social-research-council		
PB130	Engineering and Physical Sciences Research Council	https://www.gov.uk/government/organisations/engineering-and-physical-sciences-research-council		
PB131	Engineering Construction Industry Training Board	https://www.gov.uk/government/organisations/engineering-construction-industry-training-board		
PB132	Medical Research Council	https://www.gov.uk/government/organisations/medical-research-council		
PB133	Natural Environment Research Council	https://www.gov.uk/government/organisations/natural-environment-research-council		
PB134	Office for Fair Access	https://www.gov.uk/government/organisations/office-for-fair-access		
PB135	Science and Technology Facilities Council	https://www.gov.uk/government/organisations/science-and-technology-facilities-council		
PB136		https://www.gov.uk/government/organisations/technology-strategy-board		
PB137	UK Atomic Energy Authority	https://www.gov.uk/government/organisations/uk-atomic-energy-authority		
PB138	UK Commission for Employment and Skills	https://www.gov.uk/government/organisations/uk-commission-for-employment-and-skills		
PB147	Capital for Enterprise Limited	https://www.gov.uk/government/organisations/capital-for-enterprise-ltd		
OT152	Industrial Development Advisory Board	https://www.gov.uk/government/organisations/industrial-development-advisory-board		
PB158	Committee on Standards in Public Life	https://www.gov.uk/government/organisations/the-committee-on-standards-in-public-life		
PB160	Building Regulations Advisory Committee	https://www.gov.uk/government/organisations/building-regulations-advisory-committee		
PB161	Homes and Communities Agency	https://www.gov.uk/government/organisations/homes-and-communities-agency		
PB165	Arts Council England	https://www.gov.uk/government/organisations/arts-council-england		
PB166	British Library	https://www.gov.uk/government/organisations/british-library		
PB167	British Museum	https://www.gov.uk/government/organisations/british-museum		
PB168		https://www.gov.uk/government/organisations/english-heritage		2015-04-01
PB169	Gambling Commission	https://www.gov.uk/government/organisations/gambling-commission		
PB170	Geffrye Museum	https://www.gov.uk/government/organisations/geffrye-museum		
PB171	Horniman Public Museum and Public Park Trust	https://www.gov.uk/government/organisations/horniman-museum		
PB172	Imperial War Museum	https://www.gov.uk/government/organisations/imperial-war-museum		
PB174	National Gallery	https://www.gov.uk/government/organisations/national-gallery		
PB175	National Heritage Memorial Fund	https://www.gov.uk/government/organisations/national-heritage-memorial-fund		
PB177	Science Museum Group	https://www.gov.uk/government/organisations/science-museum-group		
PB178	National Museums Liverpool	https://www.gov.uk/government/organisations/national-museums-liverpool		
PB179	National Portrait Gallery	https://www.gov.uk/government/organisations/national-portrait-gallery		
PB180	Natural History Museum	https://www.gov.uk/government/organisations/natural-history-museum		
PB181		https://www.gov.uk/government/organisations/olympic-delivery-authority		2014-12-02
PB182	Royal Armouries Museum	https://www.gov.uk/government/organisations/royal-armouries-museum		
PB183	Sir John Soane's Museum	https://www.gov.uk/government/organisations/sir-john-soane-s-museum		
PB184	Sports Grounds Safety Authority	https://www.gov.uk/government/organisations/sports-grounds-safety-authority		
PB185	UK Sport	https://www.gov.uk/government/organisations/uk-sport		
PB186	VisitBritain	https://www.gov.uk/government/organisations/visitbritain		
PB187	Wallace Collection	https://www.gov.uk/government/organisations/wallace-collection		
PB188	Big Lottery Fund	https://www.gov.uk/government/organisations/big-lottery-fund		
PB189	British Film Institute	https://www.gov.uk/government/organisations/british-film-institute		
PB190	Sport England	https://www.gov.uk/government/organisations/sport-england		
PB191	Committee on Radioactive Waste Management	https://www.gov.uk/government/organisations/committee-on-radioactive-waste-management		
PB192	Fuel Poverty Advisory Group	https://www.gov.uk/government/organisations/the-fuel-poverty-advisory-group		
PB193	Nuclear Liabilities Financing Assurance Board	https://www.gov.uk/government/organisations/nuclear-liabilities-financing-assurance-board		
PB194	Civil Nuclear Police Authority	https://www.gov.uk/government/organisations/civil-nuclear-police-authority		
PB195	Coal Authority	https://www.gov.uk/government/organisations/the-coal-authority		
PB196	Committee on Climate Change	https://www.gov.uk/government/organisations/committee-on-climate-change		
PB197	Nuclear Decommissioning Authority	https://www.gov.uk/government/organisations/nuclear-decommissioning-authority		
PB198	Consumer Council for Water	https://www.gov.uk/government/organisations/consumer-council-for-water		
EA199	Environment Agency	https://www.gov.uk/government/organisations/environment-agency		
PB200	Gangmasters Licensing Authority	https://www.gov.uk/government/organisations/gangmasters-licensing-authority		
PB201	Joint Nature Conservation Committee	https://www.gov.uk/government/organisations/joint-nature-conservation-committee		
PB202	Natural England	https://www.gov.uk/government/organisations/natural-england		
OT204	Agriculture and Horticulture Development Board	https://www.gov.uk/government/organisations/agriculture-and-horticulture-development-board		
OT205	Sea Fish Industry Authority	https://www.gov.uk/government/organisations/sea-fish-industry-authority		
PB207	Health and Safety Executive	https://www.gov.uk/government/organisations/health-and-safety-executive		
PB208		https://www.gov.uk/government/organisations/advisory-committee-on-pesticides		2015-03
PB209	Advisory Committee on Releases to the Environment	https://www.gov.uk/government/organisations/advisory-committee-on-releases-to-the-environment		
PB210	Independent Agricultural Appeals Panel	https://www.gov.uk/government/organisations/independent-agricultural-appeals-panel		
PB211	Science Advisory Council	https://www.gov.uk/government/organisations/science-advisory-council		
PB212	Veterinary Products Committee	https://www.gov.uk/government/organisations/veterinary-products-committee		
PB226	Commonwealth Scholarship Commission in the UK	https://www.gov.uk/government/organisations/commonwealth-scholarship-commission-in-the-uk		
PB230		https://www.gov.uk/government/organisations/equality-2025		2013-09
PB231	Industrial Injuries Advisory Council	https://www.gov.uk/government/organisations/industrial-injuries-advisory-council		
PB232	Social Security Advisory Committee	https://www.gov.uk/government/organisations/social-security-advisory-committee		
PB233	The Pensions Advisory Service	https://www.gov.uk/government/organisations/the-pensions-advisory-service		
PB234	The Pensions Regulator	https://www.gov.uk/government/organisations/the-pensions-regulator		
OT237	National Employment Savings Trust (NEST) Corporation	https://www.gov.uk/government/organisations/national-employment-savings-trust		
D240	The Water Services Regulation Authority 	https://www.gov.uk/government/organisations/the-water-services-regulation-authority		
D241	UK Export Finance	https://www.gov.uk/government/organisations/uk-export-finance		
EA242	Education Funding Agency	https://www.gov.uk/government/organisations/education-funding-agency		
EA243	Standards and Testing Agency	https://www.gov.uk/government/organisations/standards-and-testing-agency		
PB246	The Children and Family Court Advisory and Support Service	https://www.gov.uk/government/organisations/children-and-family-court-advisory-and-support-service		
PB247	Disabled Persons Transport Advisory Committee	https://www.gov.uk/government/organisations/disabled-persons-transport-advisory-committee		
PB251	Care Quality Commission	https://www.gov.uk/government/organisations/care-quality-commission		
PB253	Human Fertilisation and Embryology Authority	https://www.gov.uk/government/organisations/human-fertilisation-and-embryology-authority		
PB254	Human Tissue Authority	https://www.gov.uk/government/organisations/human-tissue-authority		
PB255		https://www.gov.uk/government/organisations/monitor		2016-04-01
PB260	Office for Budget Responsibility	https://www.gov.uk/government/organisations/office-for-budget-responsibility		
PB263	Office of the Immigration Services Commissioner	https://www.gov.uk/government/organisations/office-of-the-immigration-services-commissioner		
PB264	Security Industry Authority	https://www.gov.uk/government/organisations/security-industry-authority		
PB265		https://www.gov.uk/government/organisations/serious-organised-crime-agency		2013-10-07
OT269	Equality and Human Rights Commission	https://www.gov.uk/government/organisations/equality-and-human-rights-commission		
PB271	Advisory Council on the Misuse of Drugs	https://www.gov.uk/government/organisations/advisory-council-on-the-misuse-of-drugs		
PB273	Police Advisory Board for England and Wales	https://www.gov.uk/government/organisations/police-advisory-board-for-england-and-wales		
PB274	Technical Advisory Board	https://www.gov.uk/government/organisations/technical-advisory-board		
PB275	Migration Advisory Committee	https://www.gov.uk/government/organisations/migration-advisory-committee		
PB276	National DNA Database Ethics Group	https://www.gov.uk/government/organisations/national-dna-database-ethics-group		
PB290	National Museum of the Royal Navy	https://www.gov.uk/government/organisations/royal-naval-museum		
PB291	Royal Museums Greenwich	https://www.gov.uk/government/organisations/royal-museums-greenwich		
PB293	Civil Justice Council	https://www.gov.uk/government/organisations/civil-justice-council		
PB294	Law Commission	https://www.gov.uk/government/organisations/law-commission		
PB295	Sentencing Council for England and Wales	https://www.gov.uk/government/organisations/the-sentencing-council-for-england-and-wales		
PB296		https://www.gov.uk/government/organisations/victim-s-advisory-panel		2013-07-24
PB297	Criminal Injuries Compensation Authority	https://www.gov.uk/government/organisations/criminal-injuries-compensation-authority		
PB298	Information Commissioner's Office	https://www.gov.uk/government/organisations/information-commissioner-s-office		
PB299	Judicial Appointments Commission	https://www.gov.uk/government/organisations/judicial-appointments-commission		
PB300		https://www.gov.uk/government/organisations/legal-services-commission		2013-04-01
PB301	Parole Board	https://www.gov.uk/government/organisations/parole-board		
PB302	Youth Justice Board for England and Wales	https://www.gov.uk/government/organisations/youth-justice-board-for-england-and-wales		
PB307	National Army Museum	https://www.gov.uk/government/organisations/national-army-museum		
PB308	Royal Air Force Museum	https://www.gov.uk/government/organisations/royal-air-force-museum		
OT313	British Council	https://www.gov.uk/government/organisations/british-council		
OT315	Marshall Aid Commemoration Commission	https://www.gov.uk/government/organisations/marshall-aid-commemoration-commission		
OT316	Westminster Foundation for Democracy	https://www.gov.uk/government/organisations/westminster-foundation-for-democracy		
PB317	Biotechnology and Biological Sciences Research Council	https://www.gov.uk/government/organisations/biotechnology-biological-sciences-research-council		
PB318	Competition Service	https://www.gov.uk/government/organisations/competition-service		
IM320	Criminal Cases Review Commission	https://www.gov.uk/government/organisations/criminal-cases-review-commission		
EA321	HM Prison Service	https://www.gov.uk/government/organisations/hm-prison-service		
IM332	Legal Services Board	https://www.gov.uk/government/organisations/legal-services-board		
IM335	Independent Commission for Aid Impact	https://www.gov.uk/government/organisations/independent-commission-for-aid-impact		
PB336	Advisory Committee on Business Appointments	https://www.gov.uk/government/organisations/advisory-committee-on-business-appointments		
PB337	Boundary Commission for England	https://www.gov.uk/government/organisations/boundary-commission-for-england		
IM341	House of Lords Appointments Commission	https://www.gov.uk/government/organisations/house-of-lords-appointments-commission		
PB349		https://www.gov.uk/government/organisations/independent-living-fund		2015-06-30
PB350		https://www.gov.uk/government/organisations/remploy-ltd		
D352		https://www.gov.uk/government/organisations/office-of-fair-trading		2014-04-01
PB353		https://www.gov.uk/government/organisations/competition-commission		2014-04-01
PB354	Regulatory Policy Committee	https://www.gov.uk/government/organisations/regulatory-policy-committee		
PB356		https://www.gov.uk/government/organisations/consumer-focus		2014-04-01
PB357	Export Guarantees Advisory Council	https://www.gov.uk/government/organisations/export-guarantees-advisory-council		
PB358	Land Registration Rule Committee	https://www.gov.uk/government/organisations/land-registration-rule-committee		
EA365		https://www.gov.uk/government/organisations/government-procurement-service		2014-04-01
PB366	Civil Service Commission	https://www.gov.uk/government/organisations/civil-service-commission		
PB367	Security Vetting Appeals Panel	https://www.gov.uk/government/organisations/security-vetting-appeals-panel		
PB368	Senior Salaries Review Body 	https://www.gov.uk/government/organisations/review-body-on-senior-salaries		
PB372	Housing Ombudsman	https://www.gov.uk/government/organisations/housing-ombudsman		
PB373	Leasehold Advisory Service	https://www.gov.uk/government/organisations/leasehold-advisory-service		
PB374		https://www.gov.uk/government/organisations/london-thames-gateway-development-corporation		2013-02-28
PB375	Valuation Tribunal Service	https://www.gov.uk/government/organisations/valuation-tribunal-service-for-england-valuation-tribunal-service		
PB376	VisitEngland	https://www.gov.uk/government/organisations/visitengland		
PB377	UK Anti-Doping	https://www.gov.uk/government/organisations/uk-anti-doping		
PB378	Victoria and Albert Museum	https://www.gov.uk/government/organisations/victoria-and-albert-museum		
PB380	The Theatres Trust	https://www.gov.uk/government/organisations/the-theatres-trust		
PB382	The Reviewing Committee on the Export of Works of Art and Objects of Cultural Interest	https://www.gov.uk/government/organisations/the-reviewing-committee-on-the-export-of-works-of-art-and-objects-of-cultural-interest		
PB383	Treasure Valuation Committee	https://www.gov.uk/government/organisations/treasure-valuation-committee		
PC390	Heritage Lottery Fund (administered by the NHMF)	https://www.gov.uk/government/organisations/heritage-lottery-fund		
PB392	Advisory Committee on Conscientious Objectors	https://www.gov.uk/government/organisations/advisory-committee-on-conscientious-objectors		
PB394	Armed Forces' Pay Review Body	https://www.gov.uk/government/organisations/armed-forces-pay-review-body		
PB395	Central Advisory Committee on Pensions and Compensation 	https://www.gov.uk/government/organisations/central-advisory-committee-on-pensions-and-compensation		
PB396	Defence Nuclear Safety Committee	https://www.gov.uk/government/organisations/defence-nuclear-safety-committee		
PB397	Defence Scientific Advisory Council	https://www.gov.uk/government/organisations/defence-scientific-advisory-council		
PB399	National Employer Advisory Board	https://www.gov.uk/government/organisations/national-employer-advisory-board		
PB400	Nuclear Research Advisory Council	https://www.gov.uk/government/organisations/nuclear-research-advisory-council		
PB402	Scientific Advisory Committee on the Medical Implications of Less-Lethal Weapons	https://www.gov.uk/government/organisations/science-advisory-committee-on-the-medical-implications-of-less-lethal-weapons		
PB403	Veterans Advisory and Pensions Committees	https://www.gov.uk/government/organisations/veterans-advisory-and-pensions-committees-x13		
PB413	Office of the Children's Commissioner	https://www.gov.uk/government/organisations/office-of-the-children-s-commissioner		
PB414	School Teachers' Review Body	https://www.gov.uk/government/organisations/school-teachers-review-body		
PB415	National Forest Company	https://www.gov.uk/government/organisations/national-forest-company		
PB420	Agricultural Wages Committee	https://www.gov.uk/government/organisations/agricultural-wages-committee-x13		
PB421	Agricultural Dwelling House Advisory Committees (x16)	https://www.gov.uk/government/organisations/agricultural-dwelling-house-advisory-committees-x16		
PB426	Great Britain-China Centre	https://www.gov.uk/government/organisations/great-britain-china-centre		
OT428	Boundary Commission for Northern Ireland	https://www.gov.uk/government/organisations/boundary-commission-for-northern-ireland		
OT429	Northern Ireland Human Rights Commission	https://www.gov.uk/government/organisations/northern-ireland-human-rights-commission		
OT430	Parades Commission for Northern Ireland	https://www.gov.uk/government/organisations/parades-commission-for-northern-ireland		
OT431	Boundary Commission for Scotland	https://www.gov.uk/government/organisations/boundary-commission-for-scotland		
OT432	Boundary Commission for Wales	https://www.gov.uk/government/organisations/boundary-commission-for-wales		
PB434	Royal Mint Advisory Committee	https://www.gov.uk/government/organisations/royal-mint-advisory-committee		
D435	Supreme Court of the United Kingdom	https://www.gov.uk/government/organisations/supreme-court-of-the-united-kingdom		
PB436		https://www.gov.uk/government/organisations/administrative-justice-and-tribunals-council		2013-08-19
PB437	Advisory Committees on Justices of the Peace	https://www.gov.uk/government/organisations/advisory-committees-on-justices-of-the-peace		
PB438	The Advisory Council on National Records and Archives	https://www.gov.uk/government/organisations/the-advisory-council-on-national-records-and-archives		
PB440	Civil Procedure Rule Committee	https://www.gov.uk/government/organisations/civil-procedure-rules-committee		
PB441	Family Justice Council	https://www.gov.uk/government/organisations/family-justice-council		
PB442	Family Procedure Rule Committee	https://www.gov.uk/government/organisations/family-procedure-rule-committee		
PB443	Independent Advisory Panel on Deaths in Custody	https://www.gov.uk/government/organisations/independent-advisory-panel-on-deaths-in-custody		
PB445	Insolvency Rules Committee	https://www.gov.uk/government/organisations/insolvency-rules-committee		
PB446	Prison Service Pay Review Body	https://www.gov.uk/government/organisations/prison-services-pay-review-body		
PB448	Tribunal Procedure Committee	https://www.gov.uk/government/organisations/tribunal-procedure-committee		
PB456	Independent Police Complaints Commission	https://www.gov.uk/government/organisations/independent-police-complaint-commission		
PB458		https://www.gov.uk/government/organisations/police-negotiating-board		2014-10-01
PB459	Directly Operated Railways Limited	https://www.gov.uk/government/organisations/directly-operated-railways-limited		
PB460	High Speed Two (HS2) Limited	https://www.gov.uk/government/organisations/high-speed-two-limited		
PB461	British Transport Police Authority	https://www.gov.uk/government/organisations/british-transport-police-authority		
PB462	Trinity House	https://www.gov.uk/government/organisations/trinity-house		
PB463	Northern Lighthouse Board	https://www.gov.uk/government/organisations/northern-lighthouse-board		
PB464		https://www.gov.uk/government/organisations/passenger-focus		
PB466		https://www.gov.uk/government/organisations/railway-heritage-committee		2013-04-01
PB474	National Institute for Health and Care Excellence	https://www.gov.uk/government/organisations/national-institute-for-clinical-excellence		
PB477		https://www.gov.uk/government/organisations/review-board-for-government-contracts		2015-03-31
EA480	Public Health England	https://www.gov.uk/government/organisations/public-health-england		
PB481	NHS England	https://www.gov.uk/government/organisations/nhs-commissioning-board		
OT483	Health Research Authority	https://www.gov.uk/government/organisations/health-research-authority		
OT484	NHS Trust Development Authority	https://www.gov.uk/government/organisations/nhs-trust-development-authority		
OT486	NHS Blood and Transplant	https://www.gov.uk/government/organisations/nhs-blood-and-transplant		
OT488	NHS Litigation Authority	https://www.gov.uk/government/organisations/nhs-litigation-authority		
PB491		https://www.gov.uk/government/organisations/advisory-panel-on-public-sector-information		2015-10
PB501		https://www.gov.uk/government/organisations/the-west-northamptonshire-development-corporation		2014-07-13
PB508	Board of Trustees of the Royal Botanic Gardens Kew	https://www.gov.uk/government/organisations/board-of-trustees-of-the-royal-botanic-gardens-kew		
PB509	Disclosure and Barring Service	https://www.gov.uk/government/organisations/disclosure-and-barring-service		
PB510	Social Mobility and Child Poverty Commission	https://www.gov.uk/government/organisations/social-mobility-and-child-poverty-commission		
PB516	Criminal Procedure Rule Committee	https://www.gov.uk/government/organisations/criminal-procedure-rule-committee		
OT522	Advisory Committee on Clinical Excellence Awards	https://www.gov.uk/government/organisations/advisory-committee-on-clinical-excellence-awards		
PB523	Administration of Radioactive Substances Advisory Committee	https://www.gov.uk/government/organisations/administration-of-radioactive-substances-advisory-committee		
PB524	British Pharmacopoeia Commission	https://www.gov.uk/government/organisations/british-pharmacopoeia		
PB525	Commission on Human Medicines	https://www.gov.uk/government/organisations/commission-on-human-medicines		
PB526	Committee on Mutagenicity of Chemicals in Food, Consumer Products and the Environment	https://www.gov.uk/government/organisations/committee-on-mutagenicity-of-chemicals-in-food-consumer-products-and-the-environment		
PB527	Independent Reconfiguration Panel	https://www.gov.uk/government/organisations/independent-reconfiguration-panel		
OT529	NHS Business Services Authority	https://www.gov.uk/government/organisations/nhs-business-services-authority		
PB530	Review Body on Doctors' and Dentists' Remuneration	https://www.gov.uk/government/organisations/review-body-on-doctors-and-dentists-remuneration		
PB531	NHS Pay Review Body	https://www.gov.uk/government/organisations/nhs-pay-review-body		
OT532	Prime Minister's Office, 10 Downing Street	https://www.gov.uk/government/organisations/prime-ministers-office-10-downing-street		
PB534	Animals in Science Committee	https://www.gov.uk/government/organisations/animals-in-science-committee		
OT537		https://www.gov.uk/government/organisations/deputy-prime-ministers-office		2015-05-08
OT538	Health and Social Care Information Centre	https://www.gov.uk/government/organisations/health-and-social-care-information-centre		
OT539	Health Education England	https://www.gov.uk/government/organisations/health-education-england		
EA541	National College for Teaching and Leadership	https://www.gov.uk/government/organisations/national-college-for-teaching-and-leadership		
D550	Competition and Markets Authority	https://www.gov.uk/government/organisations/competition-and-markets-authority		
EA556	Legal Aid Agency	https://www.gov.uk/government/organisations/legal-aid-agency		
PB558	National Crime Agency	https://www.gov.uk/government/organisations/national-crime-agency		
EA570	Driver and Vehicle Standards Agency	https://www.gov.uk/government/organisations/driver-and-vehicle-standards-agency		
PB571	Tate	https://www.gov.uk/government/organisations/tate		
PB573	Advisory Committee on Animal Feedingstuffs	https://www.gov.uk/government/organisations/advisory-committee-on-animal-feedingstuffs		
PB574	Advisory Committee on Novel Foods and Processes	https://www.gov.uk/government/organisations/advisory-committee-on-novel-foods-and-processes		
PB575	Advisory Committee on the Microbiological Safety of Food	https://www.gov.uk/government/organisations/advisory-committee-on-the-microbiological-safety-of-food		
PB576	Committee on Toxicity of Chemicals in Food, Consumer Products and the Environment	https://www.gov.uk/government/organisations/committee-on-toxicity-of-chemicals-in-food-consumer-products-and-the-environment		
PB577	General Advisory Committee on Science	https://www.gov.uk/government/organisations/general-advisory-committee-on-science		
PB578	Social Science Research Committee	https://www.gov.uk/government/organisations/social-science-research-committee		
D582		https://www.gov.uk/government/organisations/scottish-office		1999
D583		https://www.gov.uk/government/organisations/department-for-education-and-skills		2007
D584		https://www.gov.uk/government/organisations/department-of-social-security		2001
D586	Department of Trade and Industry	https://www.gov.uk/government/organisations/department-of-trade-and-industry		
D587	Department for Constitutional Affairs	https://www.gov.uk/government/organisations/department-for-constitutional-affairs		
D591	Department of the Environment (Northern Ireland)	https://www.gov.uk/government/organisations/department-of-the-environment		
D595		https://www.gov.uk/government/organisations/lord-chancellors-department		2003-06-12
D598		https://www.gov.uk/government/organisations/department-of-constitutional-affairs		2007-05-09
EA601	HM Courts Service	https://www.gov.uk/government/organisations/hm-court-service		
D605	Department of Finance and Personnel for Northern Ireland	https://www.gov.uk/government/organisations/department-of-finance-and-personnel-for-northern-ireland		
D608		https://www.gov.uk/government/organisations/department-for-innovation-universities-and-skills		2009-06
D609	Department for Children, Schools and Families	https://www.gov.uk/government/organisations/department-for-children-schools-and-families		
D611	Department for Business, Enterprise and Regulatory Reform	https://www.gov.uk/government/organisations/department-for-business-enterprise-and-regulatory-reform		
EA624		https://www.gov.uk/government/organisations/qualifications-and-curriculum-authority		2010-04-01
EA630	Rivers Agency	https://www.gov.uk/government/organisations/rivers-agency		
D631		https://www.gov.uk/government/organisations/department-of-inland-revenue		2005-il-Ap
EA633		https://www.gov.uk/government/organisations/nhs-pensions-agency		2006-04-01
EA656		https://www.gov.uk/government/organisations/national-biological-standards-board		2008-07
EA660		https://www.gov.uk/government/organisations/public-health-laboratory-service-board		2004-08-02
EA675	Northern Ireland Social Security Agency	https://www.gov.uk/government/organisations/northern-ireland-social-security-agency		
EA685		https://www.gov.uk/government/organisations/defence-analytical-services-agency		2008-04-01
EA687	Valuation and Lands Agency	https://www.gov.uk/government/organisations/valuation-and-lands-agency		
EA689	Water Service (Northern Ireland)	https://www.gov.uk/government/organisations/water-service-northern-ireland		
EA692		https://www.gov.uk/government/organisations/national-treatment-agency-for-substance-misuse		2013-04-01
EA693		https://www.gov.uk/government/organisations/ministry-of-defence-police-and-guarding-agency		2013-04-01
EA695	Ordnance Survey of Northern Ireland	https://www.gov.uk/government/organisations/ordnance-survey-of-northern-ireland		
EA696	Forensic Science Northern Ireland	https://www.gov.uk/government/organisations/forensic-science-northern-ireland		
EA697	Youth Justice Agency of Northern Ireland	https://www.gov.uk/government/organisations/youth-justice-agency-of-northern-ireland		
EA698		https://www.gov.uk/government/organisations/assets-recovery-agency		2008-04-01
EA700	Land Registers of Northern Ireland	https://www.gov.uk/government/organisations/land-registers-of-northern-ireland		
EA701	Northern Ireland Statistics and Research Agency	https://www.gov.uk/government/organisations/northern-ireland-statistics-and-research-agency		
EA704		https://www.gov.uk/government/organisations/national-criminal-intelligence-service		2006-04-01
EA705		https://www.gov.uk/government/organisations/medical-supplies-agency		2005-04-01
EA706		https://www.gov.uk/government/organisations/armed-forces-personnel-administration-agency		2007-04
EA707	Compensation Agency	https://www.gov.uk/government/organisations/compensation-agency		
EA715		https://www.gov.uk/government/organisations/general-teaching-council-for-england		2012-03-31
EA716		https://www.gov.uk/government/organisations/nhs-purchasing-and-supply-agency		2010-03-31
EA717		https://www.gov.uk/government/organisations/defence-aviation-repair-agency		2008-04-01
EA729		https://www.gov.uk/government/organisations/countryside-agency		2006-10-02
EA735		https://www.gov.uk/government/organisations/warship-support-agency		2005-04-01
EA740	Arts Council of Northern Ireland	https://www.gov.uk/government/organisations/arts-council-of-northern-ireland		
D746	Department of Health, Social Services and Public Safety	https://www.gov.uk/government/organisations/department-of-health-social-services-and-public-safety		
D747	Department for Regional Development	https://www.gov.uk/government/organisations/department-for-regional-development		
D748	Department for Social Development	https://www.gov.uk/government/organisations/department-for-social-development		
D750	Department of Enterprise, Trade and Investment	https://www.gov.uk/government/organisations/department-of-enterprise-trade-and-investment		
EA752	Labour Relations Agency	https://www.gov.uk/government/organisations/labour-relations-agency		
D753	Department of Agriculture and Rural Development	https://www.gov.uk/government/organisations/department-of-agriculture-and-rural-development		
EA756	Social Security Agency	https://www.gov.uk/government/organisations/social-security-agency		
EA764	Scottish Sports Council	https://www.gov.uk/government/organisations/scottish-sports-council		
EA765		https://www.gov.uk/government/organisations/learning-and-skills-council		2010-04-01
EA771		https://www.gov.uk/government/organisations/building-research-establishment		1997
EA784		https://www.gov.uk/government/organisations/veterinary-laboratories-agency		2011-04-01
EA785		https://www.gov.uk/government/organisations/defence-procurement-agency		2007-04-01
EA788	Environment and Heritage Service	https://www.gov.uk/government/organisations/environment-and-heritage-service		
EA789		https://www.gov.uk/government/organisations/defence-storage-and-distribution-agency		2009-04-01
EA790		https://www.gov.uk/government/organisations/training-and-development-agency-for-schools		2012-04-01
EA792		https://www.gov.uk/government/organisations/health-protection-agency		2013-04-01
EA797	Northern Ireland Prison Service	https://www.gov.uk/government/organisations/northern-ireland-prison-service		
EA808		https://www.gov.uk/government/organisations/driver-and-vehicle-testing-agency		2007
EA810	Northern Ireland Child Support Agency	https://www.gov.uk/government/organisations/northern-ireland-child-support-agency		
EA813	Defence Communication Services Agency	https://www.gov.uk/government/organisations/defence-communication-services-agency		
EA816		https://www.gov.uk/government/organisations/army-base-repair-organisation		2008-04-01
OT818		https://www.gov.uk/government/organisations/disability-and-carers-service		2008
EA821		https://www.gov.uk/government/organisations/central-science-laboratory		2009-03-31
EA823		https://www.gov.uk/government/organisations/disposal-services-agency		2007-04-01
EA829	Criminal Injuries Compensation Appeals Panel for Northern Ireland	https://www.gov.uk/government/organisations/criminal-injuries-compensation-appeals-panel-for-northern-ireland		
EA830		https://www.gov.uk/government/organisations/government-car-and-despatch-agency		2009-12-30
EA832		https://www.gov.uk/government/organisations/police-information-technology-organisation		2007-03-31
EA833		https://www.gov.uk/government/organisations/english-nature		2006-10-01
EA835		https://www.gov.uk/government/organisations/housing-corporation		2008-12-01
EA836		https://www.gov.uk/government/organisations/defence-medical-education-and-training-agency		2008-04-01
PB842	Commission for Architecture and the Built Environment (CABE)	https://www.gov.uk/government/organisations/commission-for-architecture-and-the-built-environment-cabe		
EA843		https://www.gov.uk/government/organisations/marine-fisheries-agency		2010-04-01
OT845	Pension Service	https://www.gov.uk/government/organisations/pension-service		
EA847	Appeals Service Agency	https://www.gov.uk/government/organisations/appeals-service-agency		
EA848		https://www.gov.uk/government/organisations/defence-transport-and-movements-agency		2007-04-01
D853	Department of Culture, Arts and Leisure	https://www.gov.uk/government/organisations/department-of-culture-arts-and-leisure		
D854	Department for Employment and Learning	https://www.gov.uk/government/organisations/department-for-employment-and-learning		
EA860		https://www.gov.uk/government/organisations/national-patient-safety-agency		2012-07-09
EA873		https://www.gov.uk/government/organisations/meat-hygiene-service		2010-03-31
EA874		https://www.gov.uk/government/organisations/english-partnerships		2008-12-01
EA879		https://www.gov.uk/government/organisations/rent-service		2009-04-01
EA882		https://www.gov.uk/government/organisations/people-pay-and-pensions-agency		2011-07-06
EA883		https://www.gov.uk/government/organisations/defence-bills-agency		2007-04-01
EA884		https://www.gov.uk/government/organisations/defence-vetting-agency		2012-04-01
EA900		https://www.gov.uk/government/organisations/animal-health		2011-04-01
EA901		https://www.gov.uk/government/organisations/renewable-fuels-agency		2011-04-01
EA904		https://www.gov.uk/government/organisations/national-policing-improvement-agency		2012-12
EA912		https://www.gov.uk/government/organisations/east-midlands-development-agency-emda		2012-03-30
EA917		https://www.gov.uk/government/organisations/east-of-england-development-agency		2012-07-01
EA918		https://www.gov.uk/government/organisations/south-west-of-england-regional-development-agency		2012
EA919		https://www.gov.uk/government/organisations/south-east-england-development-agency		2012
EA920		https://www.gov.uk/government/organisations/northwest-regional-development-agency		2012-07-01
EA921		https://www.gov.uk/government/organisations/one-north-east		2012-06-30
EA922		https://www.gov.uk/government/organisations/northwest-business-link		2014-01-23
EA923		https://www.gov.uk/government/organisations/yorkshire-forward		2012-06-30
EA924	Pension, Disability and Carers Service	https://www.gov.uk/government/organisations/pension-disability-and-carers-service		
EA927	Advantage West Midlands	https://www.gov.uk/government/organisations/advantage-west-midlands		
EA929	National College for School Leadership	https://www.gov.uk/government/organisations/national-college-for-school-leadership		
EA932		https://www.gov.uk/government/organisations/british-educational-communications-and-technology-agency		2011-03-31
EA934		https://www.gov.uk/government/organisations/tenant-services-authority		2010-10
EA949		https://www.gov.uk/government/organisations/asset-protection-agency		2012-12-31
EA955		https://www.gov.uk/government/organisations/office-for-tenants-and-social-landlords		2012
EA956		https://www.gov.uk/government/organisations/qualifications-and-curriculum-development-agency		2012-04-01
EA959		https://www.gov.uk/government/organisations/north-west-development-agency		2012-03-31
EA960		https://www.gov.uk/government/organisations/young-peoples-learning-agency		2012-03-31
D974		https://www.gov.uk/government/organisations/exchequer-and-audit-department		1983
EA1015	Crown Commercial Service	https://www.gov.uk/government/organisations/crown-commercial-service		
PB1017	Independent Medical Expert Group	https://www.gov.uk/government/organisations/independent-medical-expert-group		
DA1019	Welsh Government	https://www.gov.uk/government/organisations/welsh-government		
DA1020	The Scottish Government	https://www.gov.uk/government/organisations/the-scottish-government		
DA1021	Northern Ireland Executive 	https://www.gov.uk/government/organisations/northern-ireland-executive		
CS1028	Civil Service	https://www.gov.uk/government/organisations/civil-service		
PB1072	Agri-Food and Biosciences Institute (Northern Ireland)	https://www.gov.uk/government/organisations/agri-food-and-biosciences-institute		
PB1078	Innovate UK	https://www.gov.uk/government/organisations/innovate-uk		
EA1079	Animal and Plant Health Agency	https://www.gov.uk/government/organisations/animal-and-plant-health-agency		
PB1083	Police Remuneration Review Body	https://www.gov.uk/government/organisations/police-remuneration-review-body		
EA1084	Government Internal Audit Agency	https://www.gov.uk/government/organisations/government-internal-audit-agency		
PB1093	Single Source Regulations Office	https://www.gov.uk/government/organisations/single-source-regulations-office		
D1108	Government Legal Department	https://www.gov.uk/government/organisations/government-legal-department		
EA1109	National Measurement and Regulation Office	https://www.gov.uk/government/organisations/national-measurement-and-regulation-office		
EA1113	Defence Electronics and Components Agency	https://www.gov.uk/government/organisations/defence-electronics-and-components-agency		
D1117	Office of Rail and Road	https://www.gov.uk/government/organisations/office-of-rail-and-road		
PB1118	Transport Focus	https://www.gov.uk/government/organisations/transport-focus		
DA1146	Department of Culture, Arts and Leisure Northern Ireland	https://www.gov.uk/government/organisations/department-of-culture-arts-and-leisure-northern-ireland		
PB1149	Independent Commission on Freedom of Information	https://www.gov.uk/government/organisations/independent-commission-on-freedom-of-information		
PB1152	Disabled People’s Employment Corporation	https://www.gov.uk/government/organisations/disabled-peoples-employment-corporation		
PB1154	Ebbsfleet Development Corporation	https://www.gov.uk/government/organisations/ebbsfleet-development-corporation		
PB1164	Historic England	https://www.gov.uk/government/organisations/historic-england		
PB1171	UK Holocaust Memorial Foundation	https://www.gov.uk/government/organisations/uk-holocaust-memorial-foundation		
PB1172	Committee on Fuel Poverty	https://www.gov.uk/government/organisations/committee-on-fuel-poverty		
PB1185	Independent Dormant Assets Commission 	https://www.gov.uk/government/organisations/dormant-assets-commission		
PB1193	Social Mobility Commission	https://www.gov.uk/government/organisations/social-mobility-commission		
D1196	Department for International Trade	https://www.gov.uk/government/organisations/department-for-international-trade		
D1197	Department for Exiting the European Union	https://www.gov.uk/government/organisations/department-for-exiting-the-european-union		
D1198	Department for Business, Energy & Industrial Strategy	https://www.gov.uk/government/organisations/department-for-business-energy-and-industrial-strategy		
PB1202	NHS Digital	https://www.gov.uk/government/organisations/nhs-digital		
