government-organisation	name
CO1188	Administrative Court
CO1147	Admiralty Court
CO1120	Bankruptcy Court
CO1205	Chancery Division of the High Court
CO1157	Commercial Court
CO1160	Companies Court
CO1163	Court of Appeal Civil Division
CO1181	Court of Appeal Criminal Division
OT1100	Court of Protection
CO1155	Family Division of the High Court
CO1162	Intellectual Property Enterprise Court
CO1158	Mercantile Court
CO1165	Northampton County Court Business Centre
CO1170	Patents Court
CO1156	Planning Court
CO1183	Queen's Bench Division of the High Court
CO1135	Senior Courts Costs Office
CO1157	Technology and Construction Court
CO1134	Employment Appeal Tribunal
CO1133	Employment Tribunal
CO1127	First-tier Tribunal (Asylum Support)
CO1131	First-tier Tribunal (Care Standards)
CO1130	First-tier Tribunal (Criminal Injuries Compensation)
CO1125	First-tier Tribunal (General Regulatory Chamber)
PB1143	First-tier Tribunal (Immigration and Asylum)
CO1124	First-tier Tribunal (Mental Health)
PB1139	First-tier Tribunal (Property Chamber)
CO1136	First-tier Tribunal (Social Security and Child Support)
CO1145	First-tier Tribunal (Special Educational Needs and Disability)
CO1128	First-tier Tribunal (Tax)
CO1126	First-tier Tribunal (War Pensions and Armed Forces Compensation)
CO1129	Gangmasters Licensing Appeals
PB1138	Reserve Forces Appeal Tribunal
PB1142	Upper Tribunal (Administrative Appeals Chamber)
PB1144	Upper Tribunal (Immigration and Asylum Chamber)
PB1141	Upper Tribunal (Lands Chamber)
PB1140	Upper Tribunal (Tax and Chancery Chamber)
